Workbook

Sheet Project Plan
A1: ECS FEDERAL — 18-WEEK OOTB SERVICENOW BASELINE PROJECT PLAN
A2: SH-PP-01 · Shared — ECS Team + Customer · Template: update Project Start Date (B3) to generate all dates
A3: Project Start Date: | B3: 45901 | C3: ← Change this date; all task dates recalculate automatically
A4: LEGEND: Phase Header (dark navy) | Task Row (white/alt) | ✦ Milestone (gold) | Recurring Governance (teal) | Predecessors = Task IDs in column A
A6: ID | B6: WBS | C6: Phase | D6: Sprint | E6: Task Name | F6: Duration (Days) | G6: Start Date | H6: Finish Date | I6: Predecessors | J6: ECS Primary | K6: ECS Support | L6: Customer Primary | M6: Customer Support | N6: Status | O6: % Complete | P6: Notes / Deliverables
A7: 1 | B7: 0 | C7: Sprint 0 | D7: Sprint 0 | E7: SPRINT 0 — ENGAGEMENT SETUP | F7: 10 | G7: =WORKDAY($B$3,0) -> 45901 | H7: =WORKDAY(G7,9) -> 45912 | J7: EM | K7: SA, PC | L7: Sponsor, CustPM | N7: Not Started | O7: 0 | P7: Weeks 1–2. All setup activities to ensure team and environment are ready for Sprint 1.
A8: 2 | B8: 0.1 | C8: Sprint 0 | D8: Sprint 0 | E8: Internal ECS kickoff — SOW review & consultant assignment | F8: 1 | G8: =WORKDAY($B$3,0) -> 45901 | H8: =WORKDAY(G8,0) -> 45901 | J8: EM | K8: PM | N8: Not Started | O8: 0 | P8: Review SOW scope, confirm consultant roles, load sprint tooling and templates.
A9: 3 | B9: 0.2 | C9: Sprint 0 | D9: Sprint 0 | E9: Contract & SOW finalization (customer signature) | F9: 1 | G9: =WORKDAY($B$3,0) -> 45901 | H9: =WORKDAY(G9,0) -> 45901 | J9: EM | L9: Sponsor | M9: CustPM | N9: Not Started | O9: 0 | P9: Confirm signed SOW before Sprint 1 commitment.
A10: 4 | B10: 0.3 | C10: Sprint 0 | D10: Sprint 0 | E10: Customer kickoff meeting | F10: 1 | G10: =WORKDAY($B$3,1) -> 45902 | H10: =WORKDAY(G10,0) -> 45902 | I10: 2,3 | J10: EM, SA | K10: PC | L10: Sponsor, CustPM | M10: TechLead | N10: Not Started | O10: 0 | P10: Introductions, engagement overview, 18-week journey walk-through, Q&A.
A11: 5 | B11: 0.4 | C11: Sprint 0 | D11: Sprint 0 | E11: Environment provisioning — dev / test / prod instances | F11: 3 | G11: =WORKDAY($B$3,1) -> 45902 | H11: =WORKDAY(G11,2) -> 45904 | I11: 4 | J11: SA, TC | L11: TechLead | N11: Not Started | O11: 0 | P11: ServiceNow instance request, MID server setup, network access.
A12: 6 | B12: 0.5 | C12: Sprint 0 | D12: Sprint 0 | E12: Access & credentials setup (admin, consultant, test accounts) | F12: 2 | G12: =WORKDAY($B$3,1) -> 45902 | H12: =WORKDAY(G12,1) -> 45903 | I12: 4 | J12: TC | K12: SA | L12: TechLead | N12: Not Started | O12: 0 | P12: ECS consultant accounts, customer admin accounts, SSO config baseline.
A13: 7 | B13: 0.6 | C13: Sprint 0 | D13: Sprint 0 | E13: Governance & decision rights workshop | F13: 1 | G13: =WORKDAY($B$3,2) -> 45903 | H13: =WORKDAY(G13,0) -> 45903 | I13: 4 | J13: EM, PC | L13: Sponsor, CustPM | M13: TechLead | N13: Not Started | O13: 0 | P13: Establish customization council, RACI, escalation path, decision log.
A14: 8 | B14: 0.7 | C14: Sprint 0 | D14: Sprint 0 | E14: Customization Council charter signed | F14: 1 | G14: =WORKDAY($B$3,3) -> 45904 | H14: =WORKDAY(G14,0) -> 45904 | I14: 7 | J14: EM | L14: Sponsor | N14: Not Started | O14: 0 | P14: Council charter defines quorum, meeting cadence, and veto rights for any scope deviation.
A15: 9 | B15: 0.8 | C15: Sprint 0 | D15: Sprint 0 | E15: Communication plan & cadence established | F15: 1 | G15: =WORKDAY($B$3,2) -> 45903 | H15: =WORKDAY(G15,0) -> 45903 | I15: 4 | J15: EM | L15: CustPM | N15: Not Started | O15: 0 | P15: Weekly status report schedule, bi-weekly sponsor sync, sprint demo invites.
A16: 10 | B16: 0.9 | C16: Sprint 0 | D16: Sprint 0 | E16: Risk register initialized | F16: 1 | G16: =WORKDAY($B$3,3) -> 45904 | H16: =WORKDAY(G16,0) -> 45904 | I16: 4 | J16: EM, PC | L16: CustPM | N16: Not Started | O16: 0 | P16: Populate with known risks: data readiness, SME availability, environment delays.
A17: 11 | B17: 0.10 | C17: Sprint 0 | D17: Sprint 0 | E17: Foundation Data Pack distributed to customer | F17: 1 | G17: =WORKDAY($B$3,4) -> 45905 | H17: =WORKDAY(G17,0) -> 45905 | I17: 4 | J17: PC | L17: CustPM | M17: SME-ITSM | N17: Not Started | O17: 0 | P17: AP-01 workbooks: users, locations, departments, groups, assignment rules, SLAs, schedules.
A18: 12 | B18: 0.11 | C18: Sprint 0 | D18: Sprint 0 | E18: Stakeholder mapping completed | F18: 1 | G18: =WORKDAY($B$3,4) -> 45905 | H18: =WORKDAY(G18,0) -> 45905 | I18: 4 | J18: EM | L18: CustPM | M18: Sponsor | N18: Not Started | O18: 0 | P18: Identify all SMEs, decision owners, and change champions per process area.
A19: 13 | B19: 0.12 | C19: Sprint 0 | D19: Sprint 0 | E19: Sprint 0 readiness validation (ECS checklist) | F19: 1 | G19: =WORKDAY($B$3,9) -> 45912 | H19: =WORKDAY(G19,0) -> 45912 | I19: 5,6,7,8,9,10,11,12 | J19: EM | K19: SA | L19: CustPM | N19: Not Started | O19: 0 | P19: Confirm: env provisioned, access live, governance signed, data pack distributed, risks logged.
A20: 14 | B20: 0.M | C20: Sprint 0 | D20: Sprint 0 | E20: ✦ MILESTONE: Sprint 0 Complete — Ready to Build | F20: — | G20: =WORKDAY($B$3,9) -> 45912 | H20: =G20 -> 45912 | I20: 13 | N20: Not Started | O20: 0
A21: 15 | B21: 1 | C21: Month 1 | D21: Sprint 1 | E21: SPRINT 1 — PLATFORM FOUNDATION & ITSM DESIGN | F21: 10 | G21: =WORKDAY($B$3,10) -> 45915 | H21: =WORKDAY(G21,9) -> 45926 | J21: SA, PC | K21: EM | L21: CustPM, TechLead | M21: SME-ITSM | N21: Not Started | O21: 0 | P21: Weeks 3–4. Platform stand-up, CSDM, and ITSM design workshops.
A22: 16 | B22: 1.1 | C22: Month 1 | D22: Sprint 1 | E22: Sprint 1 planning session | F22: 1 | G22: =WORKDAY($B$3,10) -> 45915 | H22: =WORKDAY(G22,0) -> 45915 | I22: 14 | J22: EM, SA | K22: PC, TC | L22: CustPM | N22: Not Started | O22: 0 | P22: Story review, sprint backlog confirmation, acceptance criteria.
A23: 17 | B23: 1.2 | C23: Month 1 | D23: Sprint 1 | E23: Platform architecture stand-up & baseline configuration | F23: 3 | G23: =WORKDAY($B$3,10) -> 45915 | H23: =WORKDAY(G23,2) -> 45917 | I23: 16,5 | J23: SA, TC | L23: TechLead | N23: Not Started | O23: 0 | P23: CMDB scope settings, update sets, source control, MID server validation.
A24: 18 | B24: 1.3 | C24: Month 1 | D24: Sprint 1 | E24: CSDM definition workshop | F24: 2 | G24: =WORKDAY($B$3,10) -> 45915 | H24: =WORKDAY(G24,1) -> 45916 | I24: 16 | J24: SA, PC | L24: CustPM, TechLead | M24: SME-ITSM | N24: Not Started | O24: 0 | P24: Map customer services, apps, and CIs to CSDM layers. Define service taxonomy.
A25: 19 | B25: 1.4 | C25: Month 1 | D25: Sprint 1 | E25: CSDM validation against ServiceNow data model | F25: 2 | G25: =WORKDAY($B$3,12) -> 45917 | H25: =WORKDAY(G25,1) -> 45918 | I25: 18 | J25: SA | K25: TC | L25: TechLead | N25: Not Started | O25: 0 | P25: Validate service-CI relationships; confirm Business Service and Technical Service scope.
A26: 20 | B26: 1.5 | C26: Month 1 | D26: Sprint 1 | E26: ITSM design workshop — Incident Management | F26: 1 | G26: =WORKDAY($B$3,10) -> 45915 | H26: =WORKDAY(G26,0) -> 45915 | I26: 16 | J26: PC | K26: SA | L26: SME-ITSM | M26: CustPM | N26: Not Started | O26: 0 | P26: State model, categorization, priority matrix, routing logic, SLA tiers.
A27: 21 | B27: 1.6 | C27: Month 1 | D27: Sprint 1 | E27: ITSM design workshop — Problem Management | F27: 1 | G27: =WORKDAY($B$3,11) -> 45916 | H27: =WORKDAY(G27,0) -> 45916 | I27: 20 | J27: PC | K27: SA | L27: SME-ITSM | N27: Not Started | O27: 0 | P27: Problem identification triggers, investigation workflow, known error base.
A28: 22 | B28: 1.7 | C28: Month 1 | D28: Sprint 1 | E28: ITSM design workshop — Request Management | F28: 1 | G28: =WORKDAY($B$3,12) -> 45917 | H28: =WORKDAY(G28,0) -> 45917 | I28: 21 | J28: PC | K28: SA | L28: SME-ITSM | M28: SME-Catalog | N28: Not Started | O28: 0 | P28: Request types, fulfillment model, approval tiers, SLA targets.
A29: 23 | B29: 1.8 | C29: Month 1 | D29: Sprint 1 | E29: Foundation Data Pack review — users, groups, locations | F29: 2 | G29: =WORKDAY($B$3,13) -> 45918 | H29: =WORKDAY(G29,1) -> 45919 | I29: 11 | J29: PC | K29: TC | L29: SME-ITSM | M29: TechLead | N29: Not Started | O29: 0 | P29: Review customer-returned workbooks; identify gaps before Sprint 3 config.
A30: 24 | B30: 1.9 | C30: Month 1 | D30: Sprint 1 | E30: Assignment rules & SLA design review | F30: 1 | G30: =WORKDAY($B$3,14) -> 45919 | H30: =WORKDAY(G30,0) -> 45919 | I30: 23 | J30: PC | K30: SA | L30: SME-ITSM | N30: Not Started | O30: 0 | P30: Confirm assignment group structure, SLA definitions, and escalation schedules.
A31: 25 | B31: 1.10 | C31: Month 1 | D31: Sprint 1 | E31: Sprint 1 demo | F31: 1 | G31: =WORKDAY($B$3,18) -> 45925 | H31: =WORKDAY(G31,0) -> 45925 | I31: 17,19,24 | J31: SA, PC | K31: EM | L31: Sponsor, CustPM | M31: TechLead, SME-ITSM | N31: Not Started | O31: 0 | P31: Demo: platform baseline, CSDM service map, design decision recap.
A32: 26 | B32: 1.11 | C32: Month 1 | D32: Sprint 1 | E32: Sprint 1 retro | F32: 1 | G32: =WORKDAY($B$3,19) -> 45926 | H32: =WORKDAY(G32,0) -> 45926 | I32: 25 | J32: EM | K32: SA, PC | L32: CustPM | N32: Not Started | O32: 0 | P32: Velocity, blockers, action items. Update risk register.
A33: 27 | B33: 1.M | C33: Month 1 | D33: Sprint 1 | E33: ✦ MILESTONE: Sprint 1 Complete | F33: — | G33: =WORKDAY($B$3,19) -> 45926 | H33: =G33 -> 45926 | I33: 26 | N33: Not Started | O33: 0
A34: 28 | B34: 2 | C34: Month 1 | D34: Sprint 2 | E34: SPRINT 2 — DISCOVERY & CMDB FOUNDATION | F34: 10 | G34: =WORKDAY($B$3,20) -> 45929 | H34: =WORKDAY(G34,9) -> 45940 | J34: SA, TC | K34: PC | L34: TechLead | M34: SME-ITSM | N34: Not Started | O34: 0 | P34: Weeks 5–6. Discovery tooling, Service Graph Connectors, CMDB normalization, catalog scope.
A35: 29 | B35: 2.1 | C35: Month 1 | D35: Sprint 2 | E35: Sprint 2 planning session | F35: 1 | G35: =WORKDAY($B$3,20) -> 45929 | H35: =WORKDAY(G35,0) -> 45929 | I35: 27 | J35: EM, SA | K35: PC, TC | L35: CustPM | N35: Not Started | O35: 0
A36: 30 | B36: 2.2 | C36: Month 1 | D36: Sprint 2 | E36: Discovery tool installation & network scan configuration | F36: 3 | G36: =WORKDAY($B$3,20) -> 45929 | H36: =WORKDAY(G36,2) -> 45931 | I36: 29 | J36: TC | K36: SA | L36: TechLead | N36: Not Started | O36: 0 | P36: Discovery schedules, credentials, network range scoping.
A37: 31 | B37: 2.3 | C37: Month 1 | D37: Sprint 2 | E37: Service Graph Connectors — SCCM / Intune porting | F37: 4 | G37: =WORKDAY($B$3,20) -> 45929 | H37: =WORKDAY(G37,3) -> 45932 | I37: 29 | J37: TC | K37: SA | L37: TechLead | N37: Not Started | O37: 0 | P37: Port connectors from prior system; validate CI population in CMDB.
A38: 32 | B38: 2.4 | C38: Month 1 | D38: Sprint 2 | E38: CMDB normalization — scope & approach workshop | F38: 1 | G38: =WORKDAY($B$3,20) -> 45929 | H38: =WORKDAY(G38,0) -> 45929 | I38: 29 | J38: SA, PC | L38: TechLead | M38: CustPM | N38: Not Started | O38: 0 | P38: Agree CI classes in scope, normalization rules, rogue CI cleanup approach.
A39: 33 | B39: 2.5 | C39: Month 1 | D39: Sprint 2 | E39: CI class selection workshop | F39: 1 | G39: =WORKDAY($B$3,21) -> 45930 | H39: =WORKDAY(G39,0) -> 45930 | I39: 32,19 | J39: SA | K39: PC | L39: TechLead | M39: SME-ITSM | N39: Not Started | O39: 0 | P39: Select Server, Network, Application CI classes; confirm relationship types.
A40: 34 | B40: 2.6 | C40: Month 1 | D40: Sprint 2 | E40: Initial CMDB data load & relationship validation | F40: 3 | G40: =WORKDAY($B$3,22) -> 45931 | H40: =WORKDAY(G40,2) -> 45933 | I40: 33 | J40: TC | K40: SA | L40: TechLead | N40: Not Started | O40: 0 | P40: Load SCCM/Intune data; validate CI counts, duplicates, relationship integrity.
A41: 35 | B41: 2.7 | C41: Month 1 | D41: Sprint 2 | E41: Service catalog — category structure design workshop | F41: 1 | G41: =WORKDAY($B$3,20) -> 45929 | H41: =WORKDAY(G41,0) -> 45929 | I41: 29 | J41: PC | K41: SA | L41: SME-Catalog | M41: CustPM | N41: Not Started | O41: 0 | P41: Rationalize legacy categories; target ≤15 top-level categories OOTB.
A42: 36 | B42: 2.8 | C42: Month 1 | D42: Sprint 2 | E42: Service catalog — item inventory & prioritization | F42: 2 | G42: =WORKDAY($B$3,21) -> 45930 | H42: =WORKDAY(G42,1) -> 45931 | I42: 35 | J42: PC | L42: SME-Catalog | N42: Not Started | O42: 0 | P42: Inventory existing items; prioritize 13–15 for Sprint 4/6 build.
A43: 37 | B43: 2.9 | C43: Month 1 | D43: Sprint 2 | E43: Sprint 2 demo | F43: 1 | G43: =WORKDAY($B$3,28) -> 45939 | H43: =WORKDAY(G43,0) -> 45939 | I43: 30,31,34,36 | J43: SA, TC | K43: EM | L43: Sponsor, CustPM | M43: TechLead | N43: Not Started | O43: 0 | P43: Demo: Discovery scan, CMDB CIs, Service Graph connector results, catalog scope.
A44: 38 | B44: 2.10 | C44: Month 1 | D44: Sprint 2 | E44: Sprint 2 retro | F44: 1 | G44: =WORKDAY($B$3,29) -> 45940 | H44: =WORKDAY(G44,0) -> 45940 | I44: 37 | J44: EM | K44: SA, PC | L44: CustPM | N44: Not Started | O44: 0
A45: 39 | B45: 2.M | C45: Month 1 | D45: Sprint 2 | E45: ✦ MILESTONE: Sprint 2 Complete — Foundation Data in System | F45: — | G45: =WORKDAY($B$3,29) -> 45940 | H45: =G45 -> 45940 | I45: 38 | N45: Not Started | O45: 0
A46: 40 | B46: 3 | C46: Month 2 | D46: Sprint 3 | E46: SPRINT 3 — ITSM CORE BUILD | F46: 10 | G46: =WORKDAY($B$3,30) -> 45943 | H46: =WORKDAY(G46,9) -> 45954 | J46: PC, TC | K46: SA | L46: SME-ITSM | M46: TechLead | N46: Not Started | O46: 0 | P46: Weeks 7–8. Configure Incident, Major Incident, Problem, Request, SLAs, assignments, approvals.
A47: 41 | B47: 3.1 | C47: Month 2 | D47: Sprint 3 | E47: Sprint 3 planning session | F47: 1 | G47: =WORKDAY($B$3,30) -> 45943 | H47: =WORKDAY(G47,0) -> 45943 | I47: 39 | J47: EM, SA | K47: PC, TC | L47: CustPM | N47: Not Started | O47: 0
A48: 42 | B48: 3.2 | C48: Month 2 | D48: Sprint 3 | E48: Incident Management — OOTB configuration | F48: 3 | G48: =WORKDAY($B$3,30) -> 45943 | H48: =WORKDAY(G48,2) -> 45945 | I48: 41,20 | J48: PC, TC | K48: SA | L48: SME-ITSM | N48: Not Started | O48: 0 | P48: State model, categories, assignment rules, VIP handling, OOTB form layout.
A49: 43 | B49: 3.3 | C49: Month 2 | D49: Sprint 3 | E49: Major Incident Management configuration | F49: 2 | G49: =WORKDAY($B$3,33) -> 45946 | H49: =WORKDAY(G49,1) -> 45947 | I49: 42 | J49: PC, TC | L49: SME-ITSM | N49: Not Started | O49: 0 | P49: P1/P2 bridge triggers, comms templates, bridge workspace, MIM role.
A50: 44 | B50: 3.4 | C50: Month 2 | D50: Sprint 3 | E50: Problem Management configuration | F50: 2 | G50: =WORKDAY($B$3,30) -> 45943 | H50: =WORKDAY(G50,1) -> 45944 | I50: 41,21 | J50: PC, TC | L50: SME-ITSM | N50: Not Started | O50: 0 | P50: Problem creation triggers, investigation/RCA workflow, known error publishing.
A51: 45 | B51: 3.5 | C51: Month 2 | D51: Sprint 3 | E51: Request Management configuration (RITM + catalog flow) | F51: 2 | G51: =WORKDAY($B$3,30) -> 45943 | H51: =WORKDAY(G51,1) -> 45944 | I51: 41,22 | J51: PC, TC | L51: SME-ITSM | M51: SME-Catalog | N51: Not Started | O51: 0 | P51: RITM state model, task assignment, approval workflow, SLA.
A52: 46 | B52: 3.6 | C52: Month 2 | D52: Sprint 3 | E52: SLA configuration & testing | F52: 2 | G52: =WORKDAY($B$3,32) -> 45945 | H52: =WORKDAY(G52,1) -> 45946 | I52: 42,24 | J52: PC, TC | L52: SME-ITSM | N52: Not Started | O52: 0 | P52: P1–P4 SLA definitions, schedule attachments, breach notifications, pause conditions.
A53: 47 | B53: 3.7 | C53: Month 2 | D53: Sprint 3 | E53: Assignment rules configuration | F53: 2 | G53: =WORKDAY($B$3,32) -> 45945 | H53: =WORKDAY(G53,1) -> 45946 | I53: 42,24 | J53: PC, TC | L53: SME-ITSM | M53: TechLead | N53: Not Started | O53: 0 | P53: OOTB assignment rules, group rotation, overflow rules.
A54: 48 | B54: 3.8 | C54: Month 2 | D54: Sprint 3 | E54: Approval workflow configuration | F54: 2 | G54: =WORKDAY($B$3,34) -> 45947 | H54: =WORKDAY(G54,1) -> 45950 | I54: 45 | J54: PC, TC | L54: SME-ITSM | N54: Not Started | O54: 0 | P54: Approval groups, delegate rules, auto-approval thresholds, OOTB approval engine.
A55: 49 | B55: 3.9 | C55: Month 2 | D55: Sprint 3 | E55: Notifications configuration | F55: 1 | G55: =WORKDAY($B$3,36) -> 45951 | H55: =WORKDAY(G55,0) -> 45951 | I55: 42,44,45 | J55: TC | K55: PC | L55: SME-ITSM | N55: Not Started | O55: 0 | P55: OOTB notification templates for Incident, Problem, Request state changes.
A56: 50 | B56: 3.10 | C56: Month 2 | D56: Sprint 3 | E56: Sprint 3 demo — ITSM Core | F56: 1 | G56: =WORKDAY($B$3,38) -> 45953 | H56: =WORKDAY(G56,0) -> 45953 | I56: 43,44,45,46,47,48,49 | J56: PC, TC | K56: EM | L56: Sponsor, CustPM | M56: SME-ITSM | N56: Not Started | O56: 0 | P56: Live demo of Incident lifecycle, Problem investigation, Request fulfillment.
A57: 51 | B57: 3.11 | C57: Month 2 | D57: Sprint 3 | E57: Sprint 3 retro | F57: 1 | G57: =WORKDAY($B$3,39) -> 45954 | H57: =WORKDAY(G57,0) -> 45954 | I57: 50 | J57: EM | K57: PC | L57: CustPM | N57: Not Started | O57: 0
A58: 52 | B58: 3.M | C58: Month 2 | D58: Sprint 3 | E58: ✦ MILESTONE: Sprint 3 Complete — ITSM Core Configured | F58: — | G58: =WORKDAY($B$3,39) -> 45954 | H58: =G58 -> 45954 | I58: 51 | N58: Not Started | O58: 0
A59: 53 | B59: 4 | C59: Month 2 | D59: Sprint 4 | E59: SPRINT 4 — CHANGE / CAB & SERVICE CATALOG BUILD | F59: 10 | G59: =WORKDAY($B$3,40) -> 45957 | H59: =WORKDAY(G59,9) -> 45968 | J59: PC, TC | K59: SA | L59: SME-ITSM, SME-Catalog | M59: CustPM | N59: Not Started | O59: 0 | P59: Weeks 9–10. Change/CAB OOTB build, catalog items batch 1 & 2, Employee Center baseline.
A60: 54 | B60: 4.1 | C60: Month 2 | D60: Sprint 4 | E60: Sprint 4 planning session | F60: 1 | G60: =WORKDAY($B$3,40) -> 45957 | H60: =WORKDAY(G60,0) -> 45957 | I60: 52 | J60: EM, SA | K60: PC, TC | L60: CustPM | N60: Not Started | O60: 0
A61: 55 | B61: 4.2 | C61: Month 2 | D61: Sprint 4 | E61: Change Management — OOTB configuration | F61: 3 | G61: =WORKDAY($B$3,40) -> 45957 | H61: =WORKDAY(G61,2) -> 45959 | I61: 54 | J61: PC, TC | K61: SA | L61: SME-ITSM | N61: Not Started | O61: 0 | P61: Normal/Standard/Emergency change types, CAB schedule, risk assessment, OOTB state model.
A62: 56 | B62: 4.3 | C62: Month 2 | D62: Sprint 4 | E62: CAB Workbench setup & CAB process design | F62: 2 | G62: =WORKDAY($B$3,43) -> 45960 | H62: =WORKDAY(G62,1) -> 45961 | I62: 55 | J62: PC | K62: TC | L62: SME-ITSM | M62: Sponsor | N62: Not Started | O62: 0 | P62: CAB meeting workspace, agenda automation, change calendar, approval flow.
A63: 57 | B63: 4.4 | C63: Month 2 | D63: Sprint 4 | E63: Service catalog — item build batch 1 (items 1–5) | F63: 3 | G63: =WORKDAY($B$3,40) -> 45957 | H63: =WORKDAY(G63,2) -> 45959 | I63: 54,36 | J63: PC, TC | L63: SME-Catalog | N63: Not Started | O63: 0 | P63: Build highest-priority 5 catalog items with OOTB variables, workflows, and approvals.
A64: 58 | B64: 4.5 | C64: Month 2 | D64: Sprint 4 | E64: Service catalog — item build batch 2 (items 6–10) | F64: 3 | G64: =WORKDAY($B$3,43) -> 45960 | H64: =WORKDAY(G64,2) -> 45964 | I64: 57 | J64: PC, TC | L64: SME-Catalog | N64: Not Started | O64: 0
A65: 59 | B65: 4.6 | C65: Month 2 | D65: Sprint 4 | E65: Fulfillment workflow configuration | F65: 2 | G65: =WORKDAY($B$3,44) -> 45961 | H65: =WORKDAY(G65,1) -> 45964 | I65: 57 | J65: TC | K65: PC | L65: SME-Catalog | N65: Not Started | O65: 0 | P65: Flow designer workflows for catalog items; task assignment and SLA.
A66: 60 | B66: 4.7 | C66: Month 2 | D66: Sprint 4 | E66: Employee Center portal — baseline setup | F66: 3 | G66: =WORKDAY($B$3,42) -> 45959 | H66: =WORKDAY(G66,2) -> 45961 | I66: 54 | J66: TC | K66: PC | L66: SME-HR | M66: TechLead | N66: Not Started | O66: 0 | P66: Portal branding baseline, taxonomy, IT & HR topic pages, announcement widget.
A67: 61 | B67: 4.8 | C67: Month 2 | D67: Sprint 4 | E67: Sprint 4 demo — Change, Catalog, Employee Center | F67: 1 | G67: =WORKDAY($B$3,48) -> 45967 | H67: =WORKDAY(G67,0) -> 45967 | I67: 56,58,59,60 | J67: PC, TC | K67: EM | L67: Sponsor, CustPM | M67: SME-ITSM, SME-Catalog | N67: Not Started | O67: 0
A68: 62 | B68: 4.9 | C68: Month 2 | D68: Sprint 4 | E68: Sprint 4 retro | F68: 1 | G68: =WORKDAY($B$3,49) -> 45968 | H68: =WORKDAY(G68,0) -> 45968 | I68: 61 | J68: EM | K68: PC | L68: CustPM | N68: Not Started | O68: 0
A69: 63 | B69: 4.M | C69: Month 2 | D69: Sprint 4 | E69: ✦ MILESTONE: Sprint 4 Complete — Core Build Done | F69: — | G69: =WORKDAY($B$3,49) -> 45968 | H69: =G69 -> 45968 | I69: 62 | N69: Not Started | O69: 0
A70: 64 | B70: 5 | C70: Month 3 | D70: Sprint 5 | E70: SPRINT 5 — EMPLOYEE EXPERIENCE & PLATFORM ANALYTICS | F70: 10 | G70: =WORKDAY($B$3,50) -> 45971 | H70: =WORKDAY(G70,9) -> 45982 | J70: PC, TC | K70: SA | L70: SME-HR, CustPM | M70: TechLead | N70: Not Started | O70: 0 | P70: Weeks 11–12. Employee Center, Knowledge, Virtual Agent, Predictive Intelligence, PA.
A71: 65 | B71: 5.1 | C71: Month 3 | D71: Sprint 5 | E71: Sprint 5 planning session | F71: 1 | G71: =WORKDAY($B$3,50) -> 45971 | H71: =WORKDAY(G71,0) -> 45971 | I71: 63 | J71: EM, SA | K71: PC, TC | L71: CustPM | N71: Not Started | O71: 0
A72: 66 | B72: 5.2 | C72: Month 3 | D72: Sprint 5 | E72: Employee Center — branding, navigation & content finalization | F72: 3 | G72: =WORKDAY($B$3,50) -> 45971 | H72: =WORKDAY(G72,2) -> 45973 | I72: 65,60 | J72: TC | K72: PC | L72: SME-HR | M72: TechLead | N72: Not Started | O72: 0 | P72: Custom branding, mega-menu, topic taxonomy, HR catalog integration.
A73: 67 | B73: 5.3 | C73: Month 3 | D73: Sprint 5 | E73: Knowledge Management — article structure & curation | F73: 2 | G73: =WORKDAY($B$3,50) -> 45971 | H73: =WORKDAY(G73,1) -> 45972 | I73: 65 | J73: PC | K73: TC | L73: SME-ITSM, SME-HR | N73: Not Started | O73: 0 | P73: KB category structure, article templates, publishing workflow, search optimization.
A74: 68 | B74: 5.4 | C74: Month 3 | D74: Sprint 5 | E74: Virtual Agent — topic design workshop | F74: 1 | G74: =WORKDAY($B$3,50) -> 45971 | H74: =WORKDAY(G74,0) -> 45971 | I74: 65 | J74: PC | K74: SA | L74: SME-ITSM, SME-HR | M74: CustPM | N74: Not Started | O74: 0 | P74: Prioritize top 5–8 topics; define intent, conversation flows, fallback handling.
A75: 69 | B75: 5.5 | C75: Month 3 | D75: Sprint 5 | E75: Virtual Agent — priority topic build & testing | F75: 3 | G75: =WORKDAY($B$3,51) -> 45972 | H75: =WORKDAY(G75,2) -> 45974 | I75: 68,67 | J75: TC | K75: PC | L75: SME-ITSM | N75: Not Started | O75: 0 | P75: Build topics in NLU Workbench; test with sample utterances; embed in Employee Center.
A76: 70 | B76: 5.6 | C76: Month 3 | D76: Sprint 5 | E76: Predictive Intelligence — data readiness validation | F76: 2 | G76: =WORKDAY($B$3,53) -> 45974 | H76: =WORKDAY(G76,1) -> 45975 | I76: 65 | J76: SA, TC | L76: TechLead | N76: Not Started | O76: 0 | P76: Validate incident/request history volume and quality for ML training readiness.
A77: 71 | B77: 5.7 | C77: Month 3 | D77: Sprint 5 | E77: Platform Analytics — dashboard & KPI design workshop | F77: 1 | G77: =WORKDAY($B$3,50) -> 45971 | H77: =WORKDAY(G77,0) -> 45971 | I77: 65 | J77: PC | K77: SA | L77: CustPM, Sponsor | M77: SME-ITSM | N77: Not Started | O77: 0 | P77: Define KPIs per process area; map to PA data sources; agree dashboard layouts.
A78: 72 | B78: 5.8 | C78: Month 3 | D78: Sprint 5 | E78: Platform Analytics — KPI and dashboard configuration | F78: 3 | G78: =WORKDAY($B$3,51) -> 45972 | H78: =WORKDAY(G78,2) -> 45974 | I78: 71 | J78: TC | K78: PC | L78: CustPM | N78: Not Started | O78: 0 | P78: Build PA indicators, breakdowns, and dashboards in ServiceNow.
A79: 73 | B79: 5.9 | C79: Month 3 | D79: Sprint 5 | E79: Sprint 5 demo — Employee Experience & Analytics | F79: 1 | G79: =WORKDAY($B$3,58) -> 45981 | H79: =WORKDAY(G79,0) -> 45981 | I79: 66,69,70,72 | J79: PC, TC | K79: EM | L79: Sponsor, CustPM | M79: SME-HR, SME-ITSM | N79: Not Started | O79: 0 | P79: Demo: Employee Center, Virtual Agent conversation, PA dashboard.
A80: 74 | B80: 5.10 | C80: Month 3 | D80: Sprint 5 | E80: Sprint 5 retro | F80: 1 | G80: =WORKDAY($B$3,59) -> 45982 | H80: =WORKDAY(G80,0) -> 45982 | I80: 73 | J80: EM | K80: PC | L80: CustPM | N80: Not Started | O80: 0
A81: 75 | B81: 5.M | C81: Month 3 | D81: Sprint 5 | E81: ✦ MILESTONE: Sprint 5 Complete | F81: — | G81: =WORKDAY($B$3,59) -> 45982 | H81: =G81 -> 45982 | I81: 74 | N81: Not Started | O81: 0
A82: 76 | B82: 6 | C82: Month 3 | D82: Sprint 6 | E82: SPRINT 6 — HAM, CATALOG COMPLETION & STABILIZATION | F82: 10 | G82: =WORKDAY($B$3,60) -> 45985 | H82: =WORKDAY(G82,9) -> 45996 | J82: SA, TC | K82: PC | L82: SME-Asset, TechLead | M82: CustPM | N82: Not Started | O82: 0 | P82: Weeks 13–14. HAM Foundations/Realization, remaining catalog items, integration testing, stabilization.
A83: 77 | B83: 6.1 | C83: Month 3 | D83: Sprint 6 | E83: Sprint 6 planning session | F83: 1 | G83: =WORKDAY($B$3,60) -> 45985 | H83: =WORKDAY(G83,0) -> 45985 | I83: 75 | J83: EM, SA | K83: PC, TC | L83: CustPM | N83: Not Started | O83: 0
A84: 78 | B84: 6.2 | C84: Month 3 | D84: Sprint 6 | E84: HAM Foundations — stockrooms, asset classes & models | F84: 3 | G84: =WORKDAY($B$3,60) -> 45985 | H84: =WORKDAY(G84,2) -> 45987 | I84: 77 | J84: SA, TC | L84: SME-Asset | M84: TechLead | N84: Not Started | O84: 0 | P84: Configure stockrooms, asset classes, models per AP-04 (HAM Foundations pack).
A85: 79 | B85: 6.3 | C85: Month 3 | D85: Sprint 6 | E85: HAM Realization — lifecycle states & IMAC workflow config | F85: 3 | G85: =WORKDAY($B$3,63) -> 45988 | H85: =WORKDAY(G85,2) -> 45992 | I85: 78 | J85: TC | K85: SA | L85: SME-Asset | N85: Not Started | O85: 0 | P85: Receive, assign, transfer, return, retire workflows. Procurement intake. Per AP-05.
A86: 80 | B86: 6.4 | C86: Month 3 | D86: Sprint 6 | E86: Service catalog — remaining items build (items 11–15) | F86: 4 | G86: =WORKDAY($B$3,60) -> 45985 | H86: =WORKDAY(G86,3) -> 45988 | I86: 77,58 | J86: PC, TC | L86: SME-Catalog | N86: Not Started | O86: 0 | P86: Complete catalog to 13–15 total OOTB items; final testing and approvals.
A87: 81 | B87: 6.5 | C87: Month 3 | D87: Sprint 6 | E87: Integration testing — all integrations (AD, SSO, SCCM, Intune) | F87: 4 | G87: =WORKDAY($B$3,60) -> 45985 | H87: =WORKDAY(G87,3) -> 45988 | I87: 77,31,34 | J87: TC | K87: SA | L87: TechLead | N87: Not Started | O87: 0 | P87: End-to-end integration validation; user sync, SSO login, CMDB data flow.
A88: 82 | B88: 6.6 | C88: Month 3 | D88: Sprint 6 | E88: Environment stabilization & performance testing | F88: 3 | G88: =WORKDAY($B$3,64) -> 45989 | H88: =WORKDAY(G88,2) -> 45993 | I88: 79,80,81 | J88: SA, TC | L88: TechLead | N88: Not Started | O88: 0 | P88: Full regression sweep; performance test under expected load; fix blocking issues.
A89: 83 | B89: 6.7 | C89: Month 3 | D89: Sprint 6 | E89: Sprint 6 demo — HAM, Catalog, Stabilization | F89: 1 | G89: =WORKDAY($B$3,68) -> 45995 | H89: =WORKDAY(G89,0) -> 45995 | I89: 79,80,82 | J89: SA, TC | K89: EM | L89: Sponsor, CustPM | M89: SME-Asset | N89: Not Started | O89: 0 | P89: Demo full HAM lifecycle, completed catalog, performance metrics.
A90: 84 | B90: 6.8 | C90: Month 3 | D90: Sprint 6 | E90: Sprint 6 retro | F90: 1 | G90: =WORKDAY($B$3,69) -> 45996 | H90: =WORKDAY(G90,0) -> 45996 | I90: 83 | J90: EM | K90: SA, PC | L90: CustPM | N90: Not Started | O90: 0
A91: 85 | B91: 6.M | C91: Month 3 | D91: Sprint 6 | E91: ✦ MILESTONE: Sprint 6 Complete — Build Phase Done | F91: — | G91: =WORKDAY($B$3,69) -> 45996 | H91: =G91 -> 45996 | I91: 84 | N91: Not Started | O91: 0
A92: 86 | B92: 7 | C92: UAT | D92: UAT | E92: USER ACCEPTANCE TESTING | F92: 10 | G92: =WORKDAY($B$3,70) -> 45999 | H92: =WORKDAY(G92,9) -> 46010 | J92: PC, EM | K92: SA, TC | L92: CustPM | M92: SME-ITSM, SME-Catalog, SME-HR, SME-Asset, End-Users | N92: Not Started | O92: 0 | P92: Weeks 15–16. Customer-led testing across all process areas.
A93: 87 | B93: 7.1 | C93: UAT | D93: UAT | E93: UAT test scenarios distributed to customer | F93: 1 | G93: =WORKDAY($B$3,70) -> 45999 | H93: =WORKDAY(G93,0) -> 45999 | I93: 85 | J93: PC | L93: CustPM | N93: Not Started | O93: 0 | P93: Distribute CLT-UAT-02 scenario packs per process area.
A94: 88 | B94: 7.2 | C94: UAT | D94: UAT | E94: UAT kickoff & tester orientation | F94: 1 | G94: =WORKDAY($B$3,70) -> 45999 | H94: =WORKDAY(G94,0) -> 45999 | I94: 85 | J94: EM, PC | L94: CustPM | M94: SME-ITSM, SME-Catalog, SME-HR, SME-Asset | N94: Not Started | O94: 0 | P94: Walkthrough of UAT process, defect logging via CLT-UAT-03, escalation path.
A95: 89 | B95: 7.3 | C95: UAT | D95: UAT | E95: UAT execution — ITSM (Incident, Problem, Change, Request) | F95: 3 | G95: =WORKDAY($B$3,71) -> 46000 | H95: =WORKDAY(G95,2) -> 46002 | I95: 87,88 | J95: PC | K95: TC | L95: SME-ITSM | M95: End-Users | N95: Not Started | O95: 0 | P95: Customer executes test scenarios; ECS monitors and assists without leading.
A96: 90 | B96: 7.4 | C96: UAT | D96: UAT | E96: UAT execution — Service Catalog & Employee Center | F96: 3 | G96: =WORKDAY($B$3,71) -> 46000 | H96: =WORKDAY(G96,2) -> 46002 | I96: 87,88 | J96: PC | K96: TC | L96: SME-Catalog, SME-HR | M96: End-Users | N96: Not Started | O96: 0
A97: 91 | B97: 7.5 | C97: UAT | D97: UAT | E97: UAT execution — Virtual Agent & Knowledge | F97: 3 | G97: =WORKDAY($B$3,71) -> 46000 | H97: =WORKDAY(G97,2) -> 46002 | I97: 87,88 | J97: PC | K97: TC | L97: SME-HR, SME-ITSM | M97: End-Users | N97: Not Started | O97: 0
A98: 92 | B98: 7.6 | C98: UAT | D98: UAT | E98: UAT execution — HAM lifecycle | F98: 2 | G98: =WORKDAY($B$3,72) -> 46001 | H98: =WORKDAY(G98,1) -> 46002 | I98: 87,88 | J98: SA | K98: TC | L98: SME-Asset | N98: Not Started | O98: 0
A99: 93 | B99: 7.7 | C99: UAT | D99: UAT | E99: UAT defect triage & remediation | F99: 3 | G99: =WORKDAY($B$3,74) -> 46003 | H99: =WORKDAY(G99,2) -> 46007 | I99: 89,90,91,92 | J99: PC, TC | K99: SA | L99: CustPM | M99: SME-ITSM | N99: Not Started | O99: 0 | P99: Triage defects: fix blocking issues; log non-blocking as post-go-live backlog.
A100: 94 | B100: 7.8 | C100: UAT | D100: UAT | E100: UAT sign-off (customer) | F100: 1 | G100: =WORKDAY($B$3,79) -> 46010 | H100: =WORKDAY(G100,0) -> 46010 | I100: 93 | J100: EM | L100: Sponsor, CustPM | N100: Not Started | O100: 0 | P100: Formal sign-off on UAT completion. Required before go-live authorization.
A101: 95 | B101: 7.M | C101: UAT | D101: UAT | E101: ✦ MILESTONE: UAT Sign-Off Received | F101: — | G101: =WORKDAY($B$3,79) -> 46010 | H101: =G101 -> 46010 | I101: 94 | N101: Not Started | O101: 0
...

Sheet MS Project Import
A1: MS PROJECT IMPORT SHEET — Save this sheet as CSV (comma-delimited) or use File > Import in MS Project. Map columns by header name. Set Start Date on 'Project Plan' sheet tab first.
A2: ID | B2: Outline Level | C2: Name | D2: Duration | E2: Start | F2: Finish | G2: Predecessors | H2: Resource Names | I2: Notes
A3: 1 | B3: 1 | C3: SPRINT 0 — ENGAGEMENT SETUP | D3: 10 days | E3: =WORKDAY('Project Plan'!$B$3,0) -> 45901 | F3: =WORKDAY(E3,9) -> 45912 | H3: EM; SA, PC; Sponsor, CustPM | I3: Weeks 1–2. All setup activities to ensure team and environment are ready for Sprint 1.
A4: 2 | B4: 2 | C4: Internal ECS kickoff — SOW review & consultant assignment | D4: 1 days | E4: =WORKDAY('Project Plan'!$B$3,0) -> 45901 | F4: =WORKDAY(E4,0) -> 45901 | H4: EM; PM | I4: Review SOW scope, confirm consultant roles, load sprint tooling and templates.
A5: 3 | B5: 2 | C5: Contract & SOW finalization (customer signature) | D5: 1 days | E5: =WORKDAY('Project Plan'!$B$3,0) -> 45901 | F5: =WORKDAY(E5,0) -> 45901 | H5: EM; Sponsor; CustPM | I5: Confirm signed SOW before Sprint 1 commitment.
A6: 4 | B6: 2 | C6: Customer kickoff meeting | D6: 1 days | E6: =WORKDAY('Project Plan'!$B$3,1) -> 45902 | F6: =WORKDAY(E6,0) -> 45902 | G6: 2,3 | H6: EM, SA; PC; Sponsor, CustPM; TechLead | I6: Introductions, engagement overview, 18-week journey walk-through, Q&A.
A7: 5 | B7: 2 | C7: Environment provisioning — dev / test / prod instances | D7: 3 days | E7: =WORKDAY('Project Plan'!$B$3,1) -> 45902 | F7: =WORKDAY(E7,2) -> 45904 | G7: 4 | H7: SA, TC; TechLead | I7: ServiceNow instance request, MID server setup, network access.
A8: 6 | B8: 2 | C8: Access & credentials setup (admin, consultant, test accounts) | D8: 2 days | E8: =WORKDAY('Project Plan'!$B$3,1) -> 45902 | F8: =WORKDAY(E8,1) -> 45903 | G8: 4 | H8: TC; SA; TechLead | I8: ECS consultant accounts, customer admin accounts, SSO config baseline.
A9: 7 | B9: 2 | C9: Governance & decision rights workshop | D9: 1 days | E9: =WORKDAY('Project Plan'!$B$3,2) -> 45903 | F9: =WORKDAY(E9,0) -> 45903 | G9: 4 | H9: EM, PC; Sponsor, CustPM; TechLead | I9: Establish customization council, RACI, escalation path, decision log.
A10: 8 | B10: 2 | C10: Customization Council charter signed | D10: 1 days | E10: =WORKDAY('Project Plan'!$B$3,3) -> 45904 | F10: =WORKDAY(E10,0) -> 45904 | G10: 7 | H10: EM; Sponsor | I10: Council charter defines quorum, meeting cadence, and veto rights for any scope deviation.
A11: 9 | B11: 2 | C11: Communication plan & cadence established | D11: 1 days | E11: =WORKDAY('Project Plan'!$B$3,2) -> 45903 | F11: =WORKDAY(E11,0) -> 45903 | G11: 4 | H11: EM; CustPM | I11: Weekly status report schedule, bi-weekly sponsor sync, sprint demo invites.
A12: 10 | B12: 2 | C12: Risk register initialized | D12: 1 days | E12: =WORKDAY('Project Plan'!$B$3,3) -> 45904 | F12: =WORKDAY(E12,0) -> 45904 | G12: 4 | H12: EM, PC; CustPM | I12: Populate with known risks: data readiness, SME availability, environment delays.
A13: 11 | B13: 2 | C13: Foundation Data Pack distributed to customer | D13: 1 days | E13: =WORKDAY('Project Plan'!$B$3,4) -> 45905 | F13: =WORKDAY(E13,0) -> 45905 | G13: 4 | H13: PC; CustPM; SME-ITSM | I13: AP-01 workbooks: users, locations, departments, groups, assignment rules, SLAs, schedules.
A14: 12 | B14: 2 | C14: Stakeholder mapping completed | D14: 1 days | E14: =WORKDAY('Project Plan'!$B$3,4) -> 45905 | F14: =WORKDAY(E14,0) -> 45905 | G14: 4 | H14: EM; CustPM; Sponsor | I14: Identify all SMEs, decision owners, and change champions per process area.
A15: 13 | B15: 2 | C15: Sprint 0 readiness validation (ECS checklist) | D15: 1 days | E15: =WORKDAY('Project Plan'!$B$3,9) -> 45912 | F15: =WORKDAY(E15,0) -> 45912 | G15: 5,6,7,8,9,10,11,12 | H15: EM; SA; CustPM | I15: Confirm: env provisioned, access live, governance signed, data pack distributed, risks logged.
A16: 14 | B16: 0 | C16: ✦ MILESTONE: Sprint 0 Complete — Ready to Build | D16: 0 days | E16: =WORKDAY('Project Plan'!$B$3,9) -> 45912 | F16: =WORKDAY(E16,0) -> 45912 | G16: 13
A17: 15 | B17: 1 | C17: SPRINT 1 — PLATFORM FOUNDATION & ITSM DESIGN | D17: 10 days | E17: =WORKDAY('Project Plan'!$B$3,10) -> 45915 | F17: =WORKDAY(E17,9) -> 45926 | H17: SA, PC; EM; CustPM, TechLead; SME-ITSM | I17: Weeks 3–4. Platform stand-up, CSDM, and ITSM design workshops.
A18: 16 | B18: 2 | C18: Sprint 1 planning session | D18: 1 days | E18: =WORKDAY('Project Plan'!$B$3,10) -> 45915 | F18: =WORKDAY(E18,0) -> 45915 | G18: 14 | H18: EM, SA; PC, TC; CustPM | I18: Story review, sprint backlog confirmation, acceptance criteria.
A19: 17 | B19: 2 | C19: Platform architecture stand-up & baseline configuration | D19: 3 days | E19: =WORKDAY('Project Plan'!$B$3,10) -> 45915 | F19: =WORKDAY(E19,2) -> 45917 | G19: 16,5 | H19: SA, TC; TechLead | I19: CMDB scope settings, update sets, source control, MID server validation.
A20: 18 | B20: 2 | C20: CSDM definition workshop | D20: 2 days | E20: =WORKDAY('Project Plan'!$B$3,10) -> 45915 | F20: =WORKDAY(E20,1) -> 45916 | G20: 16 | H20: SA, PC; CustPM, TechLead; SME-ITSM | I20: Map customer services, apps, and CIs to CSDM layers. Define service taxonomy.
A21: 19 | B21: 2 | C21: CSDM validation against ServiceNow data model | D21: 2 days | E21: =WORKDAY('Project Plan'!$B$3,12) -> 45917 | F21: =WORKDAY(E21,1) -> 45918 | G21: 18 | H21: SA; TC; TechLead | I21: Validate service-CI relationships; confirm Business Service and Technical Service scope.
A22: 20 | B22: 2 | C22: ITSM design workshop — Incident Management | D22: 1 days | E22: =WORKDAY('Project Plan'!$B$3,10) -> 45915 | F22: =WORKDAY(E22,0) -> 45915 | G22: 16 | H22: PC; SA; SME-ITSM; CustPM | I22: State model, categorization, priority matrix, routing logic, SLA tiers.
A23: 21 | B23: 2 | C23: ITSM design workshop — Problem Management | D23: 1 days | E23: =WORKDAY('Project Plan'!$B$3,11) -> 45916 | F23: =WORKDAY(E23,0) -> 45916 | G23: 20 | H23: PC; SA; SME-ITSM | I23: Problem identification triggers, investigation workflow, known error base.
A24: 22 | B24: 2 | C24: ITSM design workshop — Request Management | D24: 1 days | E24: =WORKDAY('Project Plan'!$B$3,12) -> 45917 | F24: =WORKDAY(E24,0) -> 45917 | G24: 21 | H24: PC; SA; SME-ITSM; SME-Catalog | I24: Request types, fulfillment model, approval tiers, SLA targets.
A25: 23 | B25: 2 | C25: Foundation Data Pack review — users, groups, locations | D25: 2 days | E25: =WORKDAY('Project Plan'!$B$3,13) -> 45918 | F25: =WORKDAY(E25,1) -> 45919 | G25: 11 | H25: PC; TC; SME-ITSM; TechLead | I25: Review customer-returned workbooks; identify gaps before Sprint 3 config.
A26: 24 | B26: 2 | C26: Assignment rules & SLA design review | D26: 1 days | E26: =WORKDAY('Project Plan'!$B$3,14) -> 45919 | F26: =WORKDAY(E26,0) -> 45919 | G26: 23 | H26: PC; SA; SME-ITSM | I26: Confirm assignment group structure, SLA definitions, and escalation schedules.
A27: 25 | B27: 2 | C27: Sprint 1 demo | D27: 1 days | E27: =WORKDAY('Project Plan'!$B$3,18) -> 45925 | F27: =WORKDAY(E27,0) -> 45925 | G27: 17,19,24 | H27: SA, PC; EM; Sponsor, CustPM; TechLead, SME-ITSM | I27: Demo: platform baseline, CSDM service map, design decision recap.
A28: 26 | B28: 2 | C28: Sprint 1 retro | D28: 1 days | E28: =WORKDAY('Project Plan'!$B$3,19) -> 45926 | F28: =WORKDAY(E28,0) -> 45926 | G28: 25 | H28: EM; SA, PC; CustPM | I28: Velocity, blockers, action items. Update risk register.
A29: 27 | B29: 0 | C29: ✦ MILESTONE: Sprint 1 Complete | D29: 0 days | E29: =WORKDAY('Project Plan'!$B$3,19) -> 45926 | F29: =WORKDAY(E29,0) -> 45926 | G29: 26
A30: 28 | B30: 1 | C30: SPRINT 2 — DISCOVERY & CMDB FOUNDATION | D30: 10 days | E30: =WORKDAY('Project Plan'!$B$3,20) -> 45929 | F30: =WORKDAY(E30,9) -> 45940 | H30: SA, TC; PC; TechLead; SME-ITSM | I30: Weeks 5–6. Discovery tooling, Service Graph Connectors, CMDB normalization, catalog scope.
A31: 29 | B31: 2 | C31: Sprint 2 planning session | D31: 1 days | E31: =WORKDAY('Project Plan'!$B$3,20) -> 45929 | F31: =WORKDAY(E31,0) -> 45929 | G31: 27 | H31: EM, SA; PC, TC; CustPM
A32: 30 | B32: 2 | C32: Discovery tool installation & network scan configuration | D32: 3 days | E32: =WORKDAY('Project Plan'!$B$3,20) -> 45929 | F32: =WORKDAY(E32,2) -> 45931 | G32: 29 | H32: TC; SA; TechLead | I32: Discovery schedules, credentials, network range scoping.
A33: 31 | B33: 2 | C33: Service Graph Connectors — SCCM / Intune porting | D33: 4 days | E33: =WORKDAY('Project Plan'!$B$3,20) -> 45929 | F33: =WORKDAY(E33,3) -> 45932 | G33: 29 | H33: TC; SA; TechLead | I33: Port connectors from prior system; validate CI population in CMDB.
A34: 32 | B34: 2 | C34: CMDB normalization — scope & approach workshop | D34: 1 days | E34: =WORKDAY('Project Plan'!$B$3,20) -> 45929 | F34: =WORKDAY(E34,0) -> 45929 | G34: 29 | H34: SA, PC; TechLead; CustPM | I34: Agree CI classes in scope, normalization rules, rogue CI cleanup approach.
A35: 33 | B35: 2 | C35: CI class selection workshop | D35: 1 days | E35: =WORKDAY('Project Plan'!$B$3,21) -> 45930 | F35: =WORKDAY(E35,0) -> 45930 | G35: 32,19 | H35: SA; PC; TechLead; SME-ITSM | I35: Select Server, Network, Application CI classes; confirm relationship types.
A36: 34 | B36: 2 | C36: Initial CMDB data load & relationship validation | D36: 3 days | E36: =WORKDAY('Project Plan'!$B$3,22) -> 45931 | F36: =WORKDAY(E36,2) -> 45933 | G36: 33 | H36: TC; SA; TechLead | I36: Load SCCM/Intune data; validate CI counts, duplicates, relationship integrity.
A37: 35 | B37: 2 | C37: Service catalog — category structure design workshop | D37: 1 days | E37: =WORKDAY('Project Plan'!$B$3,20) -> 45929 | F37: =WORKDAY(E37,0) -> 45929 | G37: 29 | H37: PC; SA; SME-Catalog; CustPM | I37: Rationalize legacy categories; target ≤15 top-level categories OOTB.
A38: 36 | B38: 2 | C38: Service catalog — item inventory & prioritization | D38: 2 days | E38: =WORKDAY('Project Plan'!$B$3,21) -> 45930 | F38: =WORKDAY(E38,1) -> 45931 | G38: 35 | H38: PC; SME-Catalog | I38: Inventory existing items; prioritize 13–15 for Sprint 4/6 build.
A39: 37 | B39: 2 | C39: Sprint 2 demo | D39: 1 days | E39: =WORKDAY('Project Plan'!$B$3,28) -> 45939 | F39: =WORKDAY(E39,0) -> 45939 | G39: 30,31,34,36 | H39: SA, TC; EM; Sponsor, CustPM; TechLead | I39: Demo: Discovery scan, CMDB CIs, Service Graph connector results, catalog scope.
A40: 38 | B40: 2 | C40: Sprint 2 retro | D40: 1 days | E40: =WORKDAY('Project Plan'!$B$3,29) -> 45940 | F40: =WORKDAY(E40,0) -> 45940 | G40: 37 | H40: EM; SA, PC; CustPM
A41: 39 | B41: 0 | C41: ✦ MILESTONE: Sprint 2 Complete — Foundation Data in System | D41: 0 days | E41: =WORKDAY('Project Plan'!$B$3,29) -> 45940 | F41: =WORKDAY(E41,0) -> 45940 | G41: 38
A42: 40 | B42: 1 | C42: SPRINT 3 — ITSM CORE BUILD | D42: 10 days | E42: =WORKDAY('Project Plan'!$B$3,30) -> 45943 | F42: =WORKDAY(E42,9) -> 45954 | H42: PC, TC; SA; SME-ITSM; TechLead | I42: Weeks 7–8. Configure Incident, Major Incident, Problem, Request, SLAs, assignments, approvals.
A43: 41 | B43: 2 | C43: Sprint 3 planning session | D43: 1 days | E43: =WORKDAY('Project Plan'!$B$3,30) -> 45943 | F43: =WORKDAY(E43,0) -> 45943 | G43: 39 | H43: EM, SA; PC, TC; CustPM
A44: 42 | B44: 2 | C44: Incident Management — OOTB configuration | D44: 3 days | E44: =WORKDAY('Project Plan'!$B$3,30) -> 45943 | F44: =WORKDAY(E44,2) -> 45945 | G44: 41,20 | H44: PC, TC; SA; SME-ITSM | I44: State model, categories, assignment rules, VIP handling, OOTB form layout.
A45: 43 | B45: 2 | C45: Major Incident Management configuration | D45: 2 days | E45: =WORKDAY('Project Plan'!$B$3,33) -> 45946 | F45: =WORKDAY(E45,1) -> 45947 | G45: 42 | H45: PC, TC; SME-ITSM | I45: P1/P2 bridge triggers, comms templates, bridge workspace, MIM role.
A46: 44 | B46: 2 | C46: Problem Management configuration | D46: 2 days | E46: =WORKDAY('Project Plan'!$B$3,30) -> 45943 | F46: =WORKDAY(E46,1) -> 45944 | G46: 41,21 | H46: PC, TC; SME-ITSM | I46: Problem creation triggers, investigation/RCA workflow, known error publishing.
A47: 45 | B47: 2 | C47: Request Management configuration (RITM + catalog flow) | D47: 2 days | E47: =WORKDAY('Project Plan'!$B$3,30) -> 45943 | F47: =WORKDAY(E47,1) -> 45944 | G47: 41,22 | H47: PC, TC; SME-ITSM; SME-Catalog | I47: RITM state model, task assignment, approval workflow, SLA.
A48: 46 | B48: 2 | C48: SLA configuration & testing | D48: 2 days | E48: =WORKDAY('Project Plan'!$B$3,32) -> 45945 | F48: =WORKDAY(E48,1) -> 45946 | G48: 42,24 | H48: PC, TC; SME-ITSM | I48: P1–P4 SLA definitions, schedule attachments, breach notifications, pause conditions.
A49: 47 | B49: 2 | C49: Assignment rules configuration | D49: 2 days | E49: =WORKDAY('Project Plan'!$B$3,32) -> 45945 | F49: =WORKDAY(E49,1) -> 45946 | G49: 42,24 | H49: PC, TC; SME-ITSM; TechLead | I49: OOTB assignment rules, group rotation, overflow rules.
A50: 48 | B50: 2 | C50: Approval workflow configuration | D50: 2 days | E50: =WORKDAY('Project Plan'!$B$3,34) -> 45947 | F50: =WORKDAY(E50,1) -> 45950 | G50: 45 | H50: PC, TC; SME-ITSM | I50: Approval groups, delegate rules, auto-approval thresholds, OOTB approval engine.
A51: 49 | B51: 2 | C51: Notifications configuration | D51: 1 days | E51: =WORKDAY('Project Plan'!$B$3,36) -> 45951 | F51: =WORKDAY(E51,0) -> 45951 | G51: 42,44,45 | H51: TC; PC; SME-ITSM | I51: OOTB notification templates for Incident, Problem, Request state changes.
A52: 50 | B52: 2 | C52: Sprint 3 demo — ITSM Core | D52: 1 days | E52: =WORKDAY('Project Plan'!$B$3,38) -> 45953 | F52: =WORKDAY(E52,0) -> 45953 | G52: 43,44,45,46,47,48,49 | H52: PC, TC; EM; Sponsor, CustPM; SME-ITSM | I52: Live demo of Incident lifecycle, Problem investigation, Request fulfillment.
A53: 51 | B53: 2 | C53: Sprint 3 retro | D53: 1 days | E53: =WORKDAY('Project Plan'!$B$3,39) -> 45954 | F53: =WORKDAY(E53,0) -> 45954 | G53: 50 | H53: EM; PC; CustPM
A54: 52 | B54: 0 | C54: ✦ MILESTONE: Sprint 3 Complete — ITSM Core Configured | D54: 0 days | E54: =WORKDAY('Project Plan'!$B$3,39) -> 45954 | F54: =WORKDAY(E54,0) -> 45954 | G54: 51
A55: 53 | B55: 1 | C55: SPRINT 4 — CHANGE / CAB & SERVICE CATALOG BUILD | D55: 10 days | E55: =WORKDAY('Project Plan'!$B$3,40) -> 45957 | F55: =WORKDAY(E55,9) -> 45968 | H55: PC, TC; SA; SME-ITSM, SME-Catalog; CustPM | I55: Weeks 9–10. Change/CAB OOTB build, catalog items batch 1 & 2, Employee Center baseline.
A56: 54 | B56: 2 | C56: Sprint 4 planning session | D56: 1 days | E56: =WORKDAY('Project Plan'!$B$3,40) -> 45957 | F56: =WORKDAY(E56,0) -> 45957 | G56: 52 | H56: EM, SA; PC, TC; CustPM
A57: 55 | B57: 2 | C57: Change Management — OOTB configuration | D57: 3 days | E57: =WORKDAY('Project Plan'!$B$3,40) -> 45957 | F57: =WORKDAY(E57,2) -> 45959 | G57: 54 | H57: PC, TC; SA; SME-ITSM | I57: Normal/Standard/Emergency change types, CAB schedule, risk assessment, OOTB state model.
A58: 56 | B58: 2 | C58: CAB Workbench setup & CAB process design | D58: 2 days | E58: =WORKDAY('Project Plan'!$B$3,43) -> 45960 | F58: =WORKDAY(E58,1) -> 45961 | G58: 55 | H58: PC; TC; SME-ITSM; Sponsor | I58: CAB meeting workspace, agenda automation, change calendar, approval flow.
A59: 57 | B59: 2 | C59: Service catalog — item build batch 1 (items 1–5) | D59: 3 days | E59: =WORKDAY('Project Plan'!$B$3,40) -> 45957 | F59: =WORKDAY(E59,2) -> 45959 | G59: 54,36 | H59: PC, TC; SME-Catalog | I59: Build highest-priority 5 catalog items with OOTB variables, workflows, and approvals.
A60: 58 | B60: 2 | C60: Service catalog — item build batch 2 (items 6–10) | D60: 3 days | E60: =WORKDAY('Project Plan'!$B$3,43) -> 45960 | F60: =WORKDAY(E60,2) -> 45964 | G60: 57 | H60: PC, TC; SME-Catalog
A61: 59 | B61: 2 | C61: Fulfillment workflow configuration | D61: 2 days | E61: =WORKDAY('Project Plan'!$B$3,44) -> 45961 | F61: =WORKDAY(E61,1) -> 45964 | G61: 57 | H61: TC; PC; SME-Catalog | I61: Flow designer workflows for catalog items; task assignment and SLA.
A62: 60 | B62: 2 | C62: Employee Center portal — baseline setup | D62: 3 days | E62: =WORKDAY('Project Plan'!$B$3,42) -> 45959 | F62: =WORKDAY(E62,2) -> 45961 | G62: 54 | H62: TC; PC; SME-HR; TechLead | I62: Portal branding baseline, taxonomy, IT & HR topic pages, announcement widget.
A63: 61 | B63: 2 | C63: Sprint 4 demo — Change, Catalog, Employee Center | D63: 1 days | E63: =WORKDAY('Project Plan'!$B$3,48) -> 45967 | F63: =WORKDAY(E63,0) -> 45967 | G63: 56,58,59,60 | H63: PC, TC; EM; Sponsor, CustPM; SME-ITSM, SME-Catalog
A64: 62 | B64: 2 | C64: Sprint 4 retro | D64: 1 days | E64: =WORKDAY('Project Plan'!$B$3,49) -> 45968 | F64: =WORKDAY(E64,0) -> 45968 | G64: 61 | H64: EM; PC; CustPM
A65: 63 | B65: 0 | C65: ✦ MILESTONE: Sprint 4 Complete — Core Build Done | D65: 0 days | E65: =WORKDAY('Project Plan'!$B$3,49) -> 45968 | F65: =WORKDAY(E65,0) -> 45968 | G65: 62
A66: 64 | B66: 1 | C66: SPRINT 5 — EMPLOYEE EXPERIENCE & PLATFORM ANALYTICS | D66: 10 days | E66: =WORKDAY('Project Plan'!$B$3,50) -> 45971 | F66: =WORKDAY(E66,9) -> 45982 | H66: PC, TC; SA; SME-HR, CustPM; TechLead | I66: Weeks 11–12. Employee Center, Knowledge, Virtual Agent, Predictive Intelligence, PA.
A67: 65 | B67: 2 | C67: Sprint 5 planning session | D67: 1 days | E67: =WORKDAY('Project Plan'!$B$3,50) -> 45971 | F67: =WORKDAY(E67,0) -> 45971 | G67: 63 | H67: EM, SA; PC, TC; CustPM
A68: 66 | B68: 2 | C68: Employee Center — branding, navigation & content finalization | D68: 3 days | E68: =WORKDAY('Project Plan'!$B$3,50) -> 45971 | F68: =WORKDAY(E68,2) -> 45973 | G68: 65,60 | H68: TC; PC; SME-HR; TechLead | I68: Custom branding, mega-menu, topic taxonomy, HR catalog integration.
A69: 67 | B69: 2 | C69: Knowledge Management — article structure & curation | D69: 2 days | E69: =WORKDAY('Project Plan'!$B$3,50) -> 45971 | F69: =WORKDAY(E69,1) -> 45972 | G69: 65 | H69: PC; TC; SME-ITSM, SME-HR | I69: KB category structure, article templates, publishing workflow, search optimization.
A70: 68 | B70: 2 | C70: Virtual Agent — topic design workshop | D70: 1 days | E70: =WORKDAY('Project Plan'!$B$3,50) -> 45971 | F70: =WORKDAY(E70,0) -> 45971 | G70: 65 | H70: PC; SA; SME-ITSM, SME-HR; CustPM | I70: Prioritize top 5–8 topics; define intent, conversation flows, fallback handling.
A71: 69 | B71: 2 | C71: Virtual Agent — priority topic build & testing | D71: 3 days | E71: =WORKDAY('Project Plan'!$B$3,51) -> 45972 | F71: =WORKDAY(E71,2) -> 45974 | G71: 68,67 | H71: TC; PC; SME-ITSM | I71: Build topics in NLU Workbench; test with sample utterances; embed in Employee Center.
A72: 70 | B72: 2 | C72: Predictive Intelligence — data readiness validation | D72: 2 days | E72: =WORKDAY('Project Plan'!$B$3,53) -> 45974 | F72: =WORKDAY(E72,1) -> 45975 | G72: 65 | H72: SA, TC; TechLead | I72: Validate incident/request history volume and quality for ML training readiness.
A73: 71 | B73: 2 | C73: Platform Analytics — dashboard & KPI design workshop | D73: 1 days | E73: =WORKDAY('Project Plan'!$B$3,50) -> 45971 | F73: =WORKDAY(E73,0) -> 45971 | G73: 65 | H73: PC; SA; CustPM, Sponsor; SME-ITSM | I73: Define KPIs per process area; map to PA data sources; agree dashboard layouts.
A74: 72 | B74: 2 | C74: Platform Analytics — KPI and dashboard configuration | D74: 3 days | E74: =WORKDAY('Project Plan'!$B$3,51) -> 45972 | F74: =WORKDAY(E74,2) -> 45974 | G74: 71 | H74: TC; PC; CustPM | I74: Build PA indicators, breakdowns, and dashboards in ServiceNow.
A75: 73 | B75: 2 | C75: Sprint 5 demo — Employee Experience & Analytics | D75: 1 days | E75: =WORKDAY('Project Plan'!$B$3,58) -> 45981 | F75: =WORKDAY(E75,0) -> 45981 | G75: 66,69,70,72 | H75: PC, TC; EM; Sponsor, CustPM; SME-HR, SME-ITSM | I75: Demo: Employee Center, Virtual Agent conversation, PA dashboard.
A76: 74 | B76: 2 | C76: Sprint 5 retro | D76: 1 days | E76: =WORKDAY('Project Plan'!$B$3,59) -> 45982 | F76: =WORKDAY(E76,0) -> 45982 | G76: 73 | H76: EM; PC; CustPM
A77: 75 | B77: 0 | C77: ✦ MILESTONE: Sprint 5 Complete | D77: 0 days | E77: =WORKDAY('Project Plan'!$B$3,59) -> 45982 | F77: =WORKDAY(E77,0) -> 45982 | G77: 74
A78: 76 | B78: 1 | C78: SPRINT 6 — HAM, CATALOG COMPLETION & STABILIZATION | D78: 10 days | E78: =WORKDAY('Project Plan'!$B$3,60) -> 45985 | F78: =WORKDAY(E78,9) -> 45996 | H78: SA, TC; PC; SME-Asset, TechLead; CustPM | I78: Weeks 13–14. HAM Foundations/Realization, remaining catalog items, integration testing, stabilization.
A79: 77 | B79: 2 | C79: Sprint 6 planning session | D79: 1 days | E79: =WORKDAY('Project Plan'!$B$3,60) -> 45985 | F79: =WORKDAY(E79,0) -> 45985 | G79: 75 | H79: EM, SA; PC, TC; CustPM
A80: 78 | B80: 2 | C80: HAM Foundations — stockrooms, asset classes & models | D80: 3 days | E80: =WORKDAY('Project Plan'!$B$3,60) -> 45985 | F80: =WORKDAY(E80,2) -> 45987 | G80: 77 | H80: SA, TC; SME-Asset; TechLead | I80: Configure stockrooms, asset classes, models per AP-04 (HAM Foundations pack).
A81: 79 | B81: 2 | C81: HAM Realization — lifecycle states & IMAC workflow config | D81: 3 days | E81: =WORKDAY('Project Plan'!$B$3,63) -> 45988 | F81: =WORKDAY(E81,2) -> 45992 | G81: 78 | H81: TC; SA; SME-Asset | I81: Receive, assign, transfer, return, retire workflows. Procurement intake. Per AP-05.
A82: 80 | B82: 2 | C82: Service catalog — remaining items build (items 11–15) | D82: 4 days | E82: =WORKDAY('Project Plan'!$B$3,60) -> 45985 | F82: =WORKDAY(E82,3) -> 45988 | G82: 77,58 | H82: PC, TC; SME-Catalog | I82: Complete catalog to 13–15 total OOTB items; final testing and approvals.
A83: 81 | B83: 2 | C83: Integration testing — all integrations (AD, SSO, SCCM, Intune) | D83: 4 days | E83: =WORKDAY('Project Plan'!$B$3,60) -> 45985 | F83: =WORKDAY(E83,3) -> 45988 | G83: 77,31,34 | H83: TC; SA; TechLead | I83: End-to-end integration validation; user sync, SSO login, CMDB data flow.
A84: 82 | B84: 2 | C84: Environment stabilization & performance testing | D84: 3 days | E84: =WORKDAY('Project Plan'!$B$3,64) -> 45989 | F84: =WORKDAY(E84,2) -> 45993 | G84: 79,80,81 | H84: SA, TC; TechLead | I84: Full regression sweep; performance test under expected load; fix blocking issues.
A85: 83 | B85: 2 | C85: Sprint 6 demo — HAM, Catalog, Stabilization | D85: 1 days | E85: =WORKDAY('Project Plan'!$B$3,68) -> 45995 | F85: =WORKDAY(E85,0) -> 45995 | G85: 79,80,82 | H85: SA, TC; EM; Sponsor, CustPM; SME-Asset | I85: Demo full HAM lifecycle, completed catalog, performance metrics.
A86: 84 | B86: 2 | C86: Sprint 6 retro | D86: 1 days | E86: =WORKDAY('Project Plan'!$B$3,69) -> 45996 | F86: =WORKDAY(E86,0) -> 45996 | G86: 83 | H86: EM; SA, PC; CustPM
A87: 85 | B87: 0 | C87: ✦ MILESTONE: Sprint 6 Complete — Build Phase Done | D87: 0 days | E87: =WORKDAY('Project Plan'!$B$3,69) -> 45996 | F87: =WORKDAY(E87,0) -> 45996 | G87: 84
A88: 86 | B88: 1 | C88: USER ACCEPTANCE TESTING | D88: 10 days | E88: =WORKDAY('Project Plan'!$B$3,70) -> 45999 | F88: =WORKDAY(E88,9) -> 46010 | H88: PC, EM; SA, TC; CustPM; SME-ITSM, SME-Catalog, SME-HR, SME-Asset, End-Users | I88: Weeks 15–16. Customer-led testing across all process areas.
A89: 87 | B89: 2 | C89: UAT test scenarios distributed to customer | D89: 1 days | E89: =WORKDAY('Project Plan'!$B$3,70) -> 45999 | F89: =WORKDAY(E89,0) -> 45999 | G89: 85 | H89: PC; CustPM | I89: Distribute CLT-UAT-02 scenario packs per process area.
A90: 88 | B90: 2 | C90: UAT kickoff & tester orientation | D90: 1 days | E90: =WORKDAY('Project Plan'!$B$3,70) -> 45999 | F90: =WORKDAY(E90,0) -> 45999 | G90: 85 | H90: EM, PC; CustPM; SME-ITSM, SME-Catalog, SME-HR, SME-Asset | I90: Walkthrough of UAT process, defect logging via CLT-UAT-03, escalation path.
A91: 89 | B91: 2 | C91: UAT execution — ITSM (Incident, Problem, Change, Request) | D91: 3 days | E91: =WORKDAY('Project Plan'!$B$3,71) -> 46000 | F91: =WORKDAY(E91,2) -> 46002 | G91: 87,88 | H91: PC; TC; SME-ITSM; End-Users | I91: Customer executes test scenarios; ECS monitors and assists without leading.
A92: 90 | B92: 2 | C92: UAT execution — Service Catalog & Employee Center | D92: 3 days | E92: =WORKDAY('Project Plan'!$B$3,71) -> 46000 | F92: =WORKDAY(E92,2) -> 46002 | G92: 87,88 | H92: PC; TC; SME-Catalog, SME-HR; End-Users
A93: 91 | B93: 2 | C93: UAT execution — Virtual Agent & Knowledge | D93: 3 days | E93: =WORKDAY('Project Plan'!$B$3,71) -> 46000 | F93: =WORKDAY(E93,2) -> 46002 | G93: 87,88 | H93: PC; TC; SME-HR, SME-ITSM; End-Users
A94: 92 | B94: 2 | C94: UAT execution — HAM lifecycle | D94: 2 days | E94: =WORKDAY('Project Plan'!$B$3,72) -> 46001 | F94: =WORKDAY(E94,1) -> 46002 | G94: 87,88 | H94: SA; TC; SME-Asset
A95: 93 | B95: 2 | C95: UAT defect triage & remediation | D95: 3 days | E95: =WORKDAY('Project Plan'!$B$3,74) -> 46003 | F95: =WORKDAY(E95,2) -> 46007 | G95: 89,90,91,92 | H95: PC, TC; SA; CustPM; SME-ITSM | I95: Triage defects: fix blocking issues; log non-blocking as post-go-live backlog.
A96: 94 | B96: 2 | C96: UAT sign-off (customer) | D96: 1 days | E96: =WORKDAY('Project Plan'!$B$3,79) -> 46010 | F96: =WORKDAY(E96,0) -> 46010 | G96: 93 | H96: EM; Sponsor, CustPM | I96: Formal sign-off on UAT completion. Required before go-live authorization.
A97: 95 | B97: 0 | C97: ✦ MILESTONE: UAT Sign-Off Received | D97: 0 days | E97: =WORKDAY('Project Plan'!$B$3,79) -> 46010 | F97: =WORKDAY(E97,0) -> 46010 | G97: 94
A98: 96 | B98: 1 | C98: GO-LIVE PREPARATION & EXECUTION | D98: 3 days | E98: =WORKDAY('Project Plan'!$B$3,80) -> 46013 | F98: =WORKDAY(E98,2) -> 46015 | H98: EM, SA; TC, PC; Sponsor, CustPM; TechLead | I98: End of Week 16 / start of Week 17. Final go/no-go and production cutover.
A99: 97 | B99: 2 | C99: Go-live checklist completion & readiness review | D99: 1 days | E99: =WORKDAY('Project Plan'!$B$3,80) -> 46013 | F99: =WORKDAY(E99,0) -> 46013 | G99: 95 | H99: EM, SA; PC; Sponsor, CustPM; TechLead | I99: CLT-CO-01 go-live checklist reviewed and signed. Confirm helpdesk readiness.
A100: 98 | B100: 2 | C100: Go-live execution — production cutover | D100: 1 days | E100: =WORKDAY('Project Plan'!$B$3,81) -> 46014 | F100: =WORKDAY(E100,0) -> 46014 | G100: 97 | H100: SA, TC; EM; TechLead; Sponsor | I100: Promote update sets to prod, validate, flip DNS/SSO to prod, comms broadcast.
...

Sheet SNow PPM Import
A1: SNow PPM IMPORT SHEET — Fields map to ServiceNow Project Task table (pm_project_task). Import via: Project > Import Tasks > Excel/CSV. Dates pull from 'Project Plan' tab.
A2: task_number | B2: short_description | C2: parent_task | D2: phase | E2: planned_start_date | F2: planned_end_date | G2: duration_days | H2: state | I2: assigned_to_role | J2: description | K2: predecessors
A3: ECS-001 | B3: SPRINT 0 — ENGAGEMENT SETUP | D3: Sprint 0 | E3: =WORKDAY('Project Plan'!$B$3,0) -> 45901 | F3: =WORKDAY(E3,9) -> 45912 | G3: 10 | H3: Open | I3: EM; Sponsor, CustPM | J3: Weeks 1–2. All setup activities to ensure team and environment are ready for Sprint 1.
A4: ECS-002 | B4: Internal ECS kickoff — SOW review & consultant assignment | C4: ECS-001 | D4: Sprint 0 | E4: =WORKDAY('Project Plan'!$B$3,0) -> 45901 | F4: =WORKDAY(E4,0) -> 45901 | G4: 1 | H4: Open | I4: EM | J4: Review SOW scope, confirm consultant roles, load sprint tooling and templates.
A5: ECS-003 | B5: Contract & SOW finalization (customer signature) | C5: ECS-001 | D5: Sprint 0 | E5: =WORKDAY('Project Plan'!$B$3,0) -> 45901 | F5: =WORKDAY(E5,0) -> 45901 | G5: 1 | H5: Open | I5: EM; Sponsor | J5: Confirm signed SOW before Sprint 1 commitment.
A6: ECS-004 | B6: Customer kickoff meeting | C6: ECS-001 | D6: Sprint 0 | E6: =WORKDAY('Project Plan'!$B$3,1) -> 45902 | F6: =WORKDAY(E6,0) -> 45902 | G6: 1 | H6: Open | I6: EM, SA; Sponsor, CustPM | J6: Introductions, engagement overview, 18-week journey walk-through, Q&A. | K6: 2,3
A7: ECS-005 | B7: Environment provisioning — dev / test / prod instances | C7: ECS-001 | D7: Sprint 0 | E7: =WORKDAY('Project Plan'!$B$3,1) -> 45902 | F7: =WORKDAY(E7,2) -> 45904 | G7: 3 | H7: Open | I7: SA, TC; TechLead | J7: ServiceNow instance request, MID server setup, network access. | K7: 4
A8: ECS-006 | B8: Access & credentials setup (admin, consultant, test accounts) | C8: ECS-001 | D8: Sprint 0 | E8: =WORKDAY('Project Plan'!$B$3,1) -> 45902 | F8: =WORKDAY(E8,1) -> 45903 | G8: 2 | H8: Open | I8: TC; TechLead | J8: ECS consultant accounts, customer admin accounts, SSO config baseline. | K8: 4
A9: ECS-007 | B9: Governance & decision rights workshop | C9: ECS-001 | D9: Sprint 0 | E9: =WORKDAY('Project Plan'!$B$3,2) -> 45903 | F9: =WORKDAY(E9,0) -> 45903 | G9: 1 | H9: Open | I9: EM, PC; Sponsor, CustPM | J9: Establish customization council, RACI, escalation path, decision log. | K9: 4
A10: ECS-008 | B10: Customization Council charter signed | C10: ECS-001 | D10: Sprint 0 | E10: =WORKDAY('Project Plan'!$B$3,3) -> 45904 | F10: =WORKDAY(E10,0) -> 45904 | G10: 1 | H10: Open | I10: EM; Sponsor | J10: Council charter defines quorum, meeting cadence, and veto rights for any scope deviation. | K10: 7
A11: ECS-009 | B11: Communication plan & cadence established | C11: ECS-001 | D11: Sprint 0 | E11: =WORKDAY('Project Plan'!$B$3,2) -> 45903 | F11: =WORKDAY(E11,0) -> 45903 | G11: 1 | H11: Open | I11: EM; CustPM | J11: Weekly status report schedule, bi-weekly sponsor sync, sprint demo invites. | K11: 4
A12: ECS-010 | B12: Risk register initialized | C12: ECS-001 | D12: Sprint 0 | E12: =WORKDAY('Project Plan'!$B$3,3) -> 45904 | F12: =WORKDAY(E12,0) -> 45904 | G12: 1 | H12: Open | I12: EM, PC; CustPM | J12: Populate with known risks: data readiness, SME availability, environment delays. | K12: 4
A13: ECS-011 | B13: Foundation Data Pack distributed to customer | C13: ECS-001 | D13: Sprint 0 | E13: =WORKDAY('Project Plan'!$B$3,4) -> 45905 | F13: =WORKDAY(E13,0) -> 45905 | G13: 1 | H13: Open | I13: PC; CustPM | J13: AP-01 workbooks: users, locations, departments, groups, assignment rules, SLAs, schedules. | K13: 4
A14: ECS-012 | B14: Stakeholder mapping completed | C14: ECS-001 | D14: Sprint 0 | E14: =WORKDAY('Project Plan'!$B$3,4) -> 45905 | F14: =WORKDAY(E14,0) -> 45905 | G14: 1 | H14: Open | I14: EM; CustPM | J14: Identify all SMEs, decision owners, and change champions per process area. | K14: 4
A15: ECS-013 | B15: Sprint 0 readiness validation (ECS checklist) | C15: ECS-001 | D15: Sprint 0 | E15: =WORKDAY('Project Plan'!$B$3,9) -> 45912 | F15: =WORKDAY(E15,0) -> 45912 | G15: 1 | H15: Open | I15: EM; CustPM | J15: Confirm: env provisioned, access live, governance signed, data pack distributed, risks logged. | K15: 5,6,7,8,9,10,11,12
A16: ECS-014 | B16: ✦ MILESTONE: Sprint 0 Complete — Ready to Build | C16: ECS-001 | D16: Sprint 0 | E16: =WORKDAY('Project Plan'!$B$3,9) -> 45912 | F16: =WORKDAY(E16,0) -> 45912 | G16: 0 | H16: Open | K16: 13
A17: ECS-015 | B17: SPRINT 1 — PLATFORM FOUNDATION & ITSM DESIGN | D17: Month 1 | E17: =WORKDAY('Project Plan'!$B$3,10) -> 45915 | F17: =WORKDAY(E17,9) -> 45926 | G17: 10 | H17: Open | I17: SA, PC; CustPM, TechLead | J17: Weeks 3–4. Platform stand-up, CSDM, and ITSM design workshops.
A18: ECS-016 | B18: Sprint 1 planning session | C18: ECS-015 | D18: Month 1 | E18: =WORKDAY('Project Plan'!$B$3,10) -> 45915 | F18: =WORKDAY(E18,0) -> 45915 | G18: 1 | H18: Open | I18: EM, SA; CustPM | J18: Story review, sprint backlog confirmation, acceptance criteria. | K18: 14
A19: ECS-017 | B19: Platform architecture stand-up & baseline configuration | C19: ECS-015 | D19: Month 1 | E19: =WORKDAY('Project Plan'!$B$3,10) -> 45915 | F19: =WORKDAY(E19,2) -> 45917 | G19: 3 | H19: Open | I19: SA, TC; TechLead | J19: CMDB scope settings, update sets, source control, MID server validation. | K19: 16,5
A20: ECS-018 | B20: CSDM definition workshop | C20: ECS-015 | D20: Month 1 | E20: =WORKDAY('Project Plan'!$B$3,10) -> 45915 | F20: =WORKDAY(E20,1) -> 45916 | G20: 2 | H20: Open | I20: SA, PC; CustPM, TechLead | J20: Map customer services, apps, and CIs to CSDM layers. Define service taxonomy. | K20: 16
A21: ECS-019 | B21: CSDM validation against ServiceNow data model | C21: ECS-015 | D21: Month 1 | E21: =WORKDAY('Project Plan'!$B$3,12) -> 45917 | F21: =WORKDAY(E21,1) -> 45918 | G21: 2 | H21: Open | I21: SA; TechLead | J21: Validate service-CI relationships; confirm Business Service and Technical Service scope. | K21: 18
A22: ECS-020 | B22: ITSM design workshop — Incident Management | C22: ECS-015 | D22: Month 1 | E22: =WORKDAY('Project Plan'!$B$3,10) -> 45915 | F22: =WORKDAY(E22,0) -> 45915 | G22: 1 | H22: Open | I22: PC; SME-ITSM | J22: State model, categorization, priority matrix, routing logic, SLA tiers. | K22: 16
A23: ECS-021 | B23: ITSM design workshop — Problem Management | C23: ECS-015 | D23: Month 1 | E23: =WORKDAY('Project Plan'!$B$3,11) -> 45916 | F23: =WORKDAY(E23,0) -> 45916 | G23: 1 | H23: Open | I23: PC; SME-ITSM | J23: Problem identification triggers, investigation workflow, known error base. | K23: 20
A24: ECS-022 | B24: ITSM design workshop — Request Management | C24: ECS-015 | D24: Month 1 | E24: =WORKDAY('Project Plan'!$B$3,12) -> 45917 | F24: =WORKDAY(E24,0) -> 45917 | G24: 1 | H24: Open | I24: PC; SME-ITSM | J24: Request types, fulfillment model, approval tiers, SLA targets. | K24: 21
A25: ECS-023 | B25: Foundation Data Pack review — users, groups, locations | C25: ECS-015 | D25: Month 1 | E25: =WORKDAY('Project Plan'!$B$3,13) -> 45918 | F25: =WORKDAY(E25,1) -> 45919 | G25: 2 | H25: Open | I25: PC; SME-ITSM | J25: Review customer-returned workbooks; identify gaps before Sprint 3 config. | K25: 11
A26: ECS-024 | B26: Assignment rules & SLA design review | C26: ECS-015 | D26: Month 1 | E26: =WORKDAY('Project Plan'!$B$3,14) -> 45919 | F26: =WORKDAY(E26,0) -> 45919 | G26: 1 | H26: Open | I26: PC; SME-ITSM | J26: Confirm assignment group structure, SLA definitions, and escalation schedules. | K26: 23
A27: ECS-025 | B27: Sprint 1 demo | C27: ECS-015 | D27: Month 1 | E27: =WORKDAY('Project Plan'!$B$3,18) -> 45925 | F27: =WORKDAY(E27,0) -> 45925 | G27: 1 | H27: Open | I27: SA, PC; Sponsor, CustPM | J27: Demo: platform baseline, CSDM service map, design decision recap. | K27: 17,19,24
A28: ECS-026 | B28: Sprint 1 retro | C28: ECS-015 | D28: Month 1 | E28: =WORKDAY('Project Plan'!$B$3,19) -> 45926 | F28: =WORKDAY(E28,0) -> 45926 | G28: 1 | H28: Open | I28: EM; CustPM | J28: Velocity, blockers, action items. Update risk register. | K28: 25
A29: ECS-027 | B29: ✦ MILESTONE: Sprint 1 Complete | C29: ECS-015 | D29: Month 1 | E29: =WORKDAY('Project Plan'!$B$3,19) -> 45926 | F29: =WORKDAY(E29,0) -> 45926 | G29: 0 | H29: Open | K29: 26
A30: ECS-028 | B30: SPRINT 2 — DISCOVERY & CMDB FOUNDATION | D30: Month 1 | E30: =WORKDAY('Project Plan'!$B$3,20) -> 45929 | F30: =WORKDAY(E30,9) -> 45940 | G30: 10 | H30: Open | I30: SA, TC; TechLead | J30: Weeks 5–6. Discovery tooling, Service Graph Connectors, CMDB normalization, catalog scope.
A31: ECS-029 | B31: Sprint 2 planning session | C31: ECS-028 | D31: Month 1 | E31: =WORKDAY('Project Plan'!$B$3,20) -> 45929 | F31: =WORKDAY(E31,0) -> 45929 | G31: 1 | H31: Open | I31: EM, SA; CustPM | K31: 27
A32: ECS-030 | B32: Discovery tool installation & network scan configuration | C32: ECS-028 | D32: Month 1 | E32: =WORKDAY('Project Plan'!$B$3,20) -> 45929 | F32: =WORKDAY(E32,2) -> 45931 | G32: 3 | H32: Open | I32: TC; TechLead | J32: Discovery schedules, credentials, network range scoping. | K32: 29
A33: ECS-031 | B33: Service Graph Connectors — SCCM / Intune porting | C33: ECS-028 | D33: Month 1 | E33: =WORKDAY('Project Plan'!$B$3,20) -> 45929 | F33: =WORKDAY(E33,3) -> 45932 | G33: 4 | H33: Open | I33: TC; TechLead | J33: Port connectors from prior system; validate CI population in CMDB. | K33: 29
A34: ECS-032 | B34: CMDB normalization — scope & approach workshop | C34: ECS-028 | D34: Month 1 | E34: =WORKDAY('Project Plan'!$B$3,20) -> 45929 | F34: =WORKDAY(E34,0) -> 45929 | G34: 1 | H34: Open | I34: SA, PC; TechLead | J34: Agree CI classes in scope, normalization rules, rogue CI cleanup approach. | K34: 29
A35: ECS-033 | B35: CI class selection workshop | C35: ECS-028 | D35: Month 1 | E35: =WORKDAY('Project Plan'!$B$3,21) -> 45930 | F35: =WORKDAY(E35,0) -> 45930 | G35: 1 | H35: Open | I35: SA; TechLead | J35: Select Server, Network, Application CI classes; confirm relationship types. | K35: 32,19
A36: ECS-034 | B36: Initial CMDB data load & relationship validation | C36: ECS-028 | D36: Month 1 | E36: =WORKDAY('Project Plan'!$B$3,22) -> 45931 | F36: =WORKDAY(E36,2) -> 45933 | G36: 3 | H36: Open | I36: TC; TechLead | J36: Load SCCM/Intune data; validate CI counts, duplicates, relationship integrity. | K36: 33
A37: ECS-035 | B37: Service catalog — category structure design workshop | C37: ECS-028 | D37: Month 1 | E37: =WORKDAY('Project Plan'!$B$3,20) -> 45929 | F37: =WORKDAY(E37,0) -> 45929 | G37: 1 | H37: Open | I37: PC; SME-Catalog | J37: Rationalize legacy categories; target ≤15 top-level categories OOTB. | K37: 29
A38: ECS-036 | B38: Service catalog — item inventory & prioritization | C38: ECS-028 | D38: Month 1 | E38: =WORKDAY('Project Plan'!$B$3,21) -> 45930 | F38: =WORKDAY(E38,1) -> 45931 | G38: 2 | H38: Open | I38: PC; SME-Catalog | J38: Inventory existing items; prioritize 13–15 for Sprint 4/6 build. | K38: 35
A39: ECS-037 | B39: Sprint 2 demo | C39: ECS-028 | D39: Month 1 | E39: =WORKDAY('Project Plan'!$B$3,28) -> 45939 | F39: =WORKDAY(E39,0) -> 45939 | G39: 1 | H39: Open | I39: SA, TC; Sponsor, CustPM | J39: Demo: Discovery scan, CMDB CIs, Service Graph connector results, catalog scope. | K39: 30,31,34,36
A40: ECS-038 | B40: Sprint 2 retro | C40: ECS-028 | D40: Month 1 | E40: =WORKDAY('Project Plan'!$B$3,29) -> 45940 | F40: =WORKDAY(E40,0) -> 45940 | G40: 1 | H40: Open | I40: EM; CustPM | K40: 37
A41: ECS-039 | B41: ✦ MILESTONE: Sprint 2 Complete — Foundation Data in System | C41: ECS-028 | D41: Month 1 | E41: =WORKDAY('Project Plan'!$B$3,29) -> 45940 | F41: =WORKDAY(E41,0) -> 45940 | G41: 0 | H41: Open | K41: 38
A42: ECS-040 | B42: SPRINT 3 — ITSM CORE BUILD | D42: Month 2 | E42: =WORKDAY('Project Plan'!$B$3,30) -> 45943 | F42: =WORKDAY(E42,9) -> 45954 | G42: 10 | H42: Open | I42: PC, TC; SME-ITSM | J42: Weeks 7–8. Configure Incident, Major Incident, Problem, Request, SLAs, assignments, approvals.
A43: ECS-041 | B43: Sprint 3 planning session | C43: ECS-040 | D43: Month 2 | E43: =WORKDAY('Project Plan'!$B$3,30) -> 45943 | F43: =WORKDAY(E43,0) -> 45943 | G43: 1 | H43: Open | I43: EM, SA; CustPM | K43: 39
A44: ECS-042 | B44: Incident Management — OOTB configuration | C44: ECS-040 | D44: Month 2 | E44: =WORKDAY('Project Plan'!$B$3,30) -> 45943 | F44: =WORKDAY(E44,2) -> 45945 | G44: 3 | H44: Open | I44: PC, TC; SME-ITSM | J44: State model, categories, assignment rules, VIP handling, OOTB form layout. | K44: 41,20
A45: ECS-043 | B45: Major Incident Management configuration | C45: ECS-040 | D45: Month 2 | E45: =WORKDAY('Project Plan'!$B$3,33) -> 45946 | F45: =WORKDAY(E45,1) -> 45947 | G45: 2 | H45: Open | I45: PC, TC; SME-ITSM | J45: P1/P2 bridge triggers, comms templates, bridge workspace, MIM role. | K45: 42
A46: ECS-044 | B46: Problem Management configuration | C46: ECS-040 | D46: Month 2 | E46: =WORKDAY('Project Plan'!$B$3,30) -> 45943 | F46: =WORKDAY(E46,1) -> 45944 | G46: 2 | H46: Open | I46: PC, TC; SME-ITSM | J46: Problem creation triggers, investigation/RCA workflow, known error publishing. | K46: 41,21
A47: ECS-045 | B47: Request Management configuration (RITM + catalog flow) | C47: ECS-040 | D47: Month 2 | E47: =WORKDAY('Project Plan'!$B$3,30) -> 45943 | F47: =WORKDAY(E47,1) -> 45944 | G47: 2 | H47: Open | I47: PC, TC; SME-ITSM | J47: RITM state model, task assignment, approval workflow, SLA. | K47: 41,22
A48: ECS-046 | B48: SLA configuration & testing | C48: ECS-040 | D48: Month 2 | E48: =WORKDAY('Project Plan'!$B$3,32) -> 45945 | F48: =WORKDAY(E48,1) -> 45946 | G48: 2 | H48: Open | I48: PC, TC; SME-ITSM | J48: P1–P4 SLA definitions, schedule attachments, breach notifications, pause conditions. | K48: 42,24
A49: ECS-047 | B49: Assignment rules configuration | C49: ECS-040 | D49: Month 2 | E49: =WORKDAY('Project Plan'!$B$3,32) -> 45945 | F49: =WORKDAY(E49,1) -> 45946 | G49: 2 | H49: Open | I49: PC, TC; SME-ITSM | J49: OOTB assignment rules, group rotation, overflow rules. | K49: 42,24
A50: ECS-048 | B50: Approval workflow configuration | C50: ECS-040 | D50: Month 2 | E50: =WORKDAY('Project Plan'!$B$3,34) -> 45947 | F50: =WORKDAY(E50,1) -> 45950 | G50: 2 | H50: Open | I50: PC, TC; SME-ITSM | J50: Approval groups, delegate rules, auto-approval thresholds, OOTB approval engine. | K50: 45
A51: ECS-049 | B51: Notifications configuration | C51: ECS-040 | D51: Month 2 | E51: =WORKDAY('Project Plan'!$B$3,36) -> 45951 | F51: =WORKDAY(E51,0) -> 45951 | G51: 1 | H51: Open | I51: TC; SME-ITSM | J51: OOTB notification templates for Incident, Problem, Request state changes. | K51: 42,44,45
A52: ECS-050 | B52: Sprint 3 demo — ITSM Core | C52: ECS-040 | D52: Month 2 | E52: =WORKDAY('Project Plan'!$B$3,38) -> 45953 | F52: =WORKDAY(E52,0) -> 45953 | G52: 1 | H52: Open | I52: PC, TC; Sponsor, CustPM | J52: Live demo of Incident lifecycle, Problem investigation, Request fulfillment. | K52: 43,44,45,46,47,48,49
A53: ECS-051 | B53: Sprint 3 retro | C53: ECS-040 | D53: Month 2 | E53: =WORKDAY('Project Plan'!$B$3,39) -> 45954 | F53: =WORKDAY(E53,0) -> 45954 | G53: 1 | H53: Open | I53: EM; CustPM | K53: 50
A54: ECS-052 | B54: ✦ MILESTONE: Sprint 3 Complete — ITSM Core Configured | C54: ECS-040 | D54: Month 2 | E54: =WORKDAY('Project Plan'!$B$3,39) -> 45954 | F54: =WORKDAY(E54,0) -> 45954 | G54: 0 | H54: Open | K54: 51
A55: ECS-053 | B55: SPRINT 4 — CHANGE / CAB & SERVICE CATALOG BUILD | D55: Month 2 | E55: =WORKDAY('Project Plan'!$B$3,40) -> 45957 | F55: =WORKDAY(E55,9) -> 45968 | G55: 10 | H55: Open | I55: PC, TC; SME-ITSM, SME-Catalog | J55: Weeks 9–10. Change/CAB OOTB build, catalog items batch 1 & 2, Employee Center baseline.
A56: ECS-054 | B56: Sprint 4 planning session | C56: ECS-053 | D56: Month 2 | E56: =WORKDAY('Project Plan'!$B$3,40) -> 45957 | F56: =WORKDAY(E56,0) -> 45957 | G56: 1 | H56: Open | I56: EM, SA; CustPM | K56: 52
A57: ECS-055 | B57: Change Management — OOTB configuration | C57: ECS-053 | D57: Month 2 | E57: =WORKDAY('Project Plan'!$B$3,40) -> 45957 | F57: =WORKDAY(E57,2) -> 45959 | G57: 3 | H57: Open | I57: PC, TC; SME-ITSM | J57: Normal/Standard/Emergency change types, CAB schedule, risk assessment, OOTB state model. | K57: 54
A58: ECS-056 | B58: CAB Workbench setup & CAB process design | C58: ECS-053 | D58: Month 2 | E58: =WORKDAY('Project Plan'!$B$3,43) -> 45960 | F58: =WORKDAY(E58,1) -> 45961 | G58: 2 | H58: Open | I58: PC; SME-ITSM | J58: CAB meeting workspace, agenda automation, change calendar, approval flow. | K58: 55
A59: ECS-057 | B59: Service catalog — item build batch 1 (items 1–5) | C59: ECS-053 | D59: Month 2 | E59: =WORKDAY('Project Plan'!$B$3,40) -> 45957 | F59: =WORKDAY(E59,2) -> 45959 | G59: 3 | H59: Open | I59: PC, TC; SME-Catalog | J59: Build highest-priority 5 catalog items with OOTB variables, workflows, and approvals. | K59: 54,36
A60: ECS-058 | B60: Service catalog — item build batch 2 (items 6–10) | C60: ECS-053 | D60: Month 2 | E60: =WORKDAY('Project Plan'!$B$3,43) -> 45960 | F60: =WORKDAY(E60,2) -> 45964 | G60: 3 | H60: Open | I60: PC, TC; SME-Catalog | K60: 57
A61: ECS-059 | B61: Fulfillment workflow configuration | C61: ECS-053 | D61: Month 2 | E61: =WORKDAY('Project Plan'!$B$3,44) -> 45961 | F61: =WORKDAY(E61,1) -> 45964 | G61: 2 | H61: Open | I61: TC; SME-Catalog | J61: Flow designer workflows for catalog items; task assignment and SLA. | K61: 57
A62: ECS-060 | B62: Employee Center portal — baseline setup | C62: ECS-053 | D62: Month 2 | E62: =WORKDAY('Project Plan'!$B$3,42) -> 45959 | F62: =WORKDAY(E62,2) -> 45961 | G62: 3 | H62: Open | I62: TC; SME-HR | J62: Portal branding baseline, taxonomy, IT & HR topic pages, announcement widget. | K62: 54
A63: ECS-061 | B63: Sprint 4 demo — Change, Catalog, Employee Center | C63: ECS-053 | D63: Month 2 | E63: =WORKDAY('Project Plan'!$B$3,48) -> 45967 | F63: =WORKDAY(E63,0) -> 45967 | G63: 1 | H63: Open | I63: PC, TC; Sponsor, CustPM | K63: 56,58,59,60
A64: ECS-062 | B64: Sprint 4 retro | C64: ECS-053 | D64: Month 2 | E64: =WORKDAY('Project Plan'!$B$3,49) -> 45968 | F64: =WORKDAY(E64,0) -> 45968 | G64: 1 | H64: Open | I64: EM; CustPM | K64: 61
A65: ECS-063 | B65: ✦ MILESTONE: Sprint 4 Complete — Core Build Done | C65: ECS-053 | D65: Month 2 | E65: =WORKDAY('Project Plan'!$B$3,49) -> 45968 | F65: =WORKDAY(E65,0) -> 45968 | G65: 0 | H65: Open | K65: 62
A66: ECS-064 | B66: SPRINT 5 — EMPLOYEE EXPERIENCE & PLATFORM ANALYTICS | D66: Month 3 | E66: =WORKDAY('Project Plan'!$B$3,50) -> 45971 | F66: =WORKDAY(E66,9) -> 45982 | G66: 10 | H66: Open | I66: PC, TC; SME-HR, CustPM | J66: Weeks 11–12. Employee Center, Knowledge, Virtual Agent, Predictive Intelligence, PA.
A67: ECS-065 | B67: Sprint 5 planning session | C67: ECS-064 | D67: Month 3 | E67: =WORKDAY('Project Plan'!$B$3,50) -> 45971 | F67: =WORKDAY(E67,0) -> 45971 | G67: 1 | H67: Open | I67: EM, SA; CustPM | K67: 63
A68: ECS-066 | B68: Employee Center — branding, navigation & content finalization | C68: ECS-064 | D68: Month 3 | E68: =WORKDAY('Project Plan'!$B$3,50) -> 45971 | F68: =WORKDAY(E68,2) -> 45973 | G68: 3 | H68: Open | I68: TC; SME-HR | J68: Custom branding, mega-menu, topic taxonomy, HR catalog integration. | K68: 65,60
A69: ECS-067 | B69: Knowledge Management — article structure & curation | C69: ECS-064 | D69: Month 3 | E69: =WORKDAY('Project Plan'!$B$3,50) -> 45971 | F69: =WORKDAY(E69,1) -> 45972 | G69: 2 | H69: Open | I69: PC; SME-ITSM, SME-HR | J69: KB category structure, article templates, publishing workflow, search optimization. | K69: 65
A70: ECS-068 | B70: Virtual Agent — topic design workshop | C70: ECS-064 | D70: Month 3 | E70: =WORKDAY('Project Plan'!$B$3,50) -> 45971 | F70: =WORKDAY(E70,0) -> 45971 | G70: 1 | H70: Open | I70: PC; SME-ITSM, SME-HR | J70: Prioritize top 5–8 topics; define intent, conversation flows, fallback handling. | K70: 65
A71: ECS-069 | B71: Virtual Agent — priority topic build & testing | C71: ECS-064 | D71: Month 3 | E71: =WORKDAY('Project Plan'!$B$3,51) -> 45972 | F71: =WORKDAY(E71,2) -> 45974 | G71: 3 | H71: Open | I71: TC; SME-ITSM | J71: Build topics in NLU Workbench; test with sample utterances; embed in Employee Center. | K71: 68,67
A72: ECS-070 | B72: Predictive Intelligence — data readiness validation | C72: ECS-064 | D72: Month 3 | E72: =WORKDAY('Project Plan'!$B$3,53) -> 45974 | F72: =WORKDAY(E72,1) -> 45975 | G72: 2 | H72: Open | I72: SA, TC; TechLead | J72: Validate incident/request history volume and quality for ML training readiness. | K72: 65
A73: ECS-071 | B73: Platform Analytics — dashboard & KPI design workshop | C73: ECS-064 | D73: Month 3 | E73: =WORKDAY('Project Plan'!$B$3,50) -> 45971 | F73: =WORKDAY(E73,0) -> 45971 | G73: 1 | H73: Open | I73: PC; CustPM, Sponsor | J73: Define KPIs per process area; map to PA data sources; agree dashboard layouts. | K73: 65
A74: ECS-072 | B74: Platform Analytics — KPI and dashboard configuration | C74: ECS-064 | D74: Month 3 | E74: =WORKDAY('Project Plan'!$B$3,51) -> 45972 | F74: =WORKDAY(E74,2) -> 45974 | G74: 3 | H74: Open | I74: TC; CustPM | J74: Build PA indicators, breakdowns, and dashboards in ServiceNow. | K74: 71
A75: ECS-073 | B75: Sprint 5 demo — Employee Experience & Analytics | C75: ECS-064 | D75: Month 3 | E75: =WORKDAY('Project Plan'!$B$3,58) -> 45981 | F75: =WORKDAY(E75,0) -> 45981 | G75: 1 | H75: Open | I75: PC, TC; Sponsor, CustPM | J75: Demo: Employee Center, Virtual Agent conversation, PA dashboard. | K75: 66,69,70,72
A76: ECS-074 | B76: Sprint 5 retro | C76: ECS-064 | D76: Month 3 | E76: =WORKDAY('Project Plan'!$B$3,59) -> 45982 | F76: =WORKDAY(E76,0) -> 45982 | G76: 1 | H76: Open | I76: EM; CustPM | K76: 73
A77: ECS-075 | B77: ✦ MILESTONE: Sprint 5 Complete | C77: ECS-064 | D77: Month 3 | E77: =WORKDAY('Project Plan'!$B$3,59) -> 45982 | F77: =WORKDAY(E77,0) -> 45982 | G77: 0 | H77: Open | K77: 74
A78: ECS-076 | B78: SPRINT 6 — HAM, CATALOG COMPLETION & STABILIZATION | D78: Month 3 | E78: =WORKDAY('Project Plan'!$B$3,60) -> 45985 | F78: =WORKDAY(E78,9) -> 45996 | G78: 10 | H78: Open | I78: SA, TC; SME-Asset, TechLead | J78: Weeks 13–14. HAM Foundations/Realization, remaining catalog items, integration testing, stabilization.
A79: ECS-077 | B79: Sprint 6 planning session | C79: ECS-076 | D79: Month 3 | E79: =WORKDAY('Project Plan'!$B$3,60) -> 45985 | F79: =WORKDAY(E79,0) -> 45985 | G79: 1 | H79: Open | I79: EM, SA; CustPM | K79: 75
A80: ECS-078 | B80: HAM Foundations — stockrooms, asset classes & models | C80: ECS-076 | D80: Month 3 | E80: =WORKDAY('Project Plan'!$B$3,60) -> 45985 | F80: =WORKDAY(E80,2) -> 45987 | G80: 3 | H80: Open | I80: SA, TC; SME-Asset | J80: Configure stockrooms, asset classes, models per AP-04 (HAM Foundations pack). | K80: 77
A81: ECS-079 | B81: HAM Realization — lifecycle states & IMAC workflow config | C81: ECS-076 | D81: Month 3 | E81: =WORKDAY('Project Plan'!$B$3,63) -> 45988 | F81: =WORKDAY(E81,2) -> 45992 | G81: 3 | H81: Open | I81: TC; SME-Asset | J81: Receive, assign, transfer, return, retire workflows. Procurement intake. Per AP-05. | K81: 78
A82: ECS-080 | B82: Service catalog — remaining items build (items 11–15) | C82: ECS-076 | D82: Month 3 | E82: =WORKDAY('Project Plan'!$B$3,60) -> 45985 | F82: =WORKDAY(E82,3) -> 45988 | G82: 4 | H82: Open | I82: PC, TC; SME-Catalog | J82: Complete catalog to 13–15 total OOTB items; final testing and approvals. | K82: 77,58
A83: ECS-081 | B83: Integration testing — all integrations (AD, SSO, SCCM, Intune) | C83: ECS-076 | D83: Month 3 | E83: =WORKDAY('Project Plan'!$B$3,60) -> 45985 | F83: =WORKDAY(E83,3) -> 45988 | G83: 4 | H83: Open | I83: TC; TechLead | J83: End-to-end integration validation; user sync, SSO login, CMDB data flow. | K83: 77,31,34
A84: ECS-082 | B84: Environment stabilization & performance testing | C84: ECS-076 | D84: Month 3 | E84: =WORKDAY('Project Plan'!$B$3,64) -> 45989 | F84: =WORKDAY(E84,2) -> 45993 | G84: 3 | H84: Open | I84: SA, TC; TechLead | J84: Full regression sweep; performance test under expected load; fix blocking issues. | K84: 79,80,81
A85: ECS-083 | B85: Sprint 6 demo — HAM, Catalog, Stabilization | C85: ECS-076 | D85: Month 3 | E85: =WORKDAY('Project Plan'!$B$3,68) -> 45995 | F85: =WORKDAY(E85,0) -> 45995 | G85: 1 | H85: Open | I85: SA, TC; Sponsor, CustPM | J85: Demo full HAM lifecycle, completed catalog, performance metrics. | K85: 79,80,82
A86: ECS-084 | B86: Sprint 6 retro | C86: ECS-076 | D86: Month 3 | E86: =WORKDAY('Project Plan'!$B$3,69) -> 45996 | F86: =WORKDAY(E86,0) -> 45996 | G86: 1 | H86: Open | I86: EM; CustPM | K86: 83
A87: ECS-085 | B87: ✦ MILESTONE: Sprint 6 Complete — Build Phase Done | C87: ECS-076 | D87: Month 3 | E87: =WORKDAY('Project Plan'!$B$3,69) -> 45996 | F87: =WORKDAY(E87,0) -> 45996 | G87: 0 | H87: Open | K87: 84
A88: ECS-086 | B88: USER ACCEPTANCE TESTING | D88: UAT | E88: =WORKDAY('Project Plan'!$B$3,70) -> 45999 | F88: =WORKDAY(E88,9) -> 46010 | G88: 10 | H88: Open | I88: PC, EM; CustPM | J88: Weeks 15–16. Customer-led testing across all process areas.
A89: ECS-087 | B89: UAT test scenarios distributed to customer | C89: ECS-086 | D89: UAT | E89: =WORKDAY('Project Plan'!$B$3,70) -> 45999 | F89: =WORKDAY(E89,0) -> 45999 | G89: 1 | H89: Open | I89: PC; CustPM | J89: Distribute CLT-UAT-02 scenario packs per process area. | K89: 85
A90: ECS-088 | B90: UAT kickoff & tester orientation | C90: ECS-086 | D90: UAT | E90: =WORKDAY('Project Plan'!$B$3,70) -> 45999 | F90: =WORKDAY(E90,0) -> 45999 | G90: 1 | H90: Open | I90: EM, PC; CustPM | J90: Walkthrough of UAT process, defect logging via CLT-UAT-03, escalation path. | K90: 85
A91: ECS-089 | B91: UAT execution — ITSM (Incident, Problem, Change, Request) | C91: ECS-086 | D91: UAT | E91: =WORKDAY('Project Plan'!$B$3,71) -> 46000 | F91: =WORKDAY(E91,2) -> 46002 | G91: 3 | H91: Open | I91: PC; SME-ITSM | J91: Customer executes test scenarios; ECS monitors and assists without leading. | K91: 87,88
A92: ECS-090 | B92: UAT execution — Service Catalog & Employee Center | C92: ECS-086 | D92: UAT | E92: =WORKDAY('Project Plan'!$B$3,71) -> 46000 | F92: =WORKDAY(E92,2) -> 46002 | G92: 3 | H92: Open | I92: PC; SME-Catalog, SME-HR | K92: 87,88
A93: ECS-091 | B93: UAT execution — Virtual Agent & Knowledge | C93: ECS-086 | D93: UAT | E93: =WORKDAY('Project Plan'!$B$3,71) -> 46000 | F93: =WORKDAY(E93,2) -> 46002 | G93: 3 | H93: Open | I93: PC; SME-HR, SME-ITSM | K93: 87,88
A94: ECS-092 | B94: UAT execution — HAM lifecycle | C94: ECS-086 | D94: UAT | E94: =WORKDAY('Project Plan'!$B$3,72) -> 46001 | F94: =WORKDAY(E94,1) -> 46002 | G94: 2 | H94: Open | I94: SA; SME-Asset | K94: 87,88
A95: ECS-093 | B95: UAT defect triage & remediation | C95: ECS-086 | D95: UAT | E95: =WORKDAY('Project Plan'!$B$3,74) -> 46003 | F95: =WORKDAY(E95,2) -> 46007 | G95: 3 | H95: Open | I95: PC, TC; CustPM | J95: Triage defects: fix blocking issues; log non-blocking as post-go-live backlog. | K95: 89,90,91,92
A96: ECS-094 | B96: UAT sign-off (customer) | C96: ECS-086 | D96: UAT | E96: =WORKDAY('Project Plan'!$B$3,79) -> 46010 | F96: =WORKDAY(E96,0) -> 46010 | G96: 1 | H96: Open | I96: EM; Sponsor, CustPM | J96: Formal sign-off on UAT completion. Required before go-live authorization. | K96: 93
A97: ECS-095 | B97: ✦ MILESTONE: UAT Sign-Off Received | C97: ECS-086 | D97: UAT | E97: =WORKDAY('Project Plan'!$B$3,79) -> 46010 | F97: =WORKDAY(E97,0) -> 46010 | G97: 0 | H97: Open | K97: 94
A98: ECS-096 | B98: GO-LIVE PREPARATION & EXECUTION | D98: Go-Live | E98: =WORKDAY('Project Plan'!$B$3,80) -> 46013 | F98: =WORKDAY(E98,2) -> 46015 | G98: 3 | H98: Open | I98: EM, SA; Sponsor, CustPM | J98: End of Week 16 / start of Week 17. Final go/no-go and production cutover.
A99: ECS-097 | B99: Go-live checklist completion & readiness review | C99: ECS-096 | D99: Go-Live | E99: =WORKDAY('Project Plan'!$B$3,80) -> 46013 | F99: =WORKDAY(E99,0) -> 46013 | G99: 1 | H99: Open | I99: EM, SA; Sponsor, CustPM | J99: CLT-CO-01 go-live checklist reviewed and signed. Confirm helpdesk readiness. | K99: 95
A100: ECS-098 | B100: Go-live execution — production cutover | C100: ECS-096 | D100: Go-Live | E100: =WORKDAY('Project Plan'!$B$3,81) -> 46014 | F100: =WORKDAY(E100,0) -> 46014 | G100: 1 | H100: Open | I100: SA, TC; TechLead | J100: Promote update sets to prod, validate, flip DNS/SSO to prod, comms broadcast. | K100: 97
...

Sheet Roles Reference
A1: ECS FEDERAL — ENGAGEMENT ROLES REFERENCE
A2: CODE | B2: ROLE TITLE | C2: TEAM | D2: RESPONSIBILITIES | E2: TYPICAL FTE COMMITMENT
A3: EM | B3: Engagement Manager | C3: ECS | D3: Overall engagement delivery, governance, escalation, sponsor relationship, risk management. | E3: 100% during engagement
A4: SA | B4: Solution Architect | C4: ECS | D4: Platform architecture, CSDM, technical decisions, accelerator pack design, integration oversight. | E4: 100% during engagement
A5: PC | B5: Process Consultant | C5: ECS | D5: Workshops facilitation, OOTB defense, discipline how-to guides, UAT support, training. | E5: 100% during engagement
A6: TC | B6: Technical Consultant | C6: ECS | D6: ServiceNow configuration, scripting (minimal), data loads, integration builds. | E6: 100% during engagement
A7: PM | B7: Practice Manager | C7: ECS | D7: Practice oversight, trust-but-verify reviews, escalation authority, lessons learned. | E7: 20% throughout
A8: Sponsor | B8: Project Sponsor | C8: Customer | D8: Executive decisions, budget authority, customization council, go-live authorization. | E8: 4–8 hrs/week
A9: CustPM | B9: Customer Project Manager | C9: Customer | D9: Day-to-day coordination, SME scheduling, status reporting to sponsor, action item tracking. | E9: 50–100% during engagement
A10: TechLead | B10: Customer Technical Lead | C10: Customer | D10: Environment access, integration credentials, CI/CD pipeline, technical approvals. | E10: 25–50% during engagement
A11: SME-ITSM | B11: ITSM Subject Matter Expert | C11: Customer | D11: Process decisions for Incident, Problem, Change, Request. Workshop participation. | E11: 50% during relevant sprints
A12: SME-Catalog | B12: Catalog SME | C12: Customer | D12: Catalog item content, category decisions, fulfillment workflow approvals. | E12: 50% during Sprints 2, 4, 6
A13: SME-HR | B13: HR / Employee Exp SME | C13: Customer | D13: Employee Center content, Virtual Agent topics, knowledge article content. | E13: 50% during Sprint 5
... A15: End-Users | B15: UAT Testers | C15: Customer | D15: Execute UAT test scenarios per process area. Log defects via ECS defect template. | E15: 100% during UAT (Weeks 15–16)
A18: RACI LEGEND
A19: R | B19: Responsible | C19: Does the work. Assigned as ECS Primary or Customer Primary.
A20: A | B20: Accountable | C20: Owns the outcome. One person per task.
A21: C | B21: Consulted | C21: Provides input. Assigned as ECS Support or Customer Support.
A22: I | B22: Informed | C22: Receives status updates. Tracked via Governance cadence.

Sheet Instructions
A1: HOW TO USE THIS PROJECT PLAN
A2: STEP | B2: INSTRUCTION | C2: WHERE
A3: 1. Set Start Date | B3: Go to the 'Project Plan' tab. In cell B3, enter your engagement start date (first Monday of Sprint 0). All 110 task dates recalculate automatically via WORKDAY formulas. | C3: Project Plan · B3
A4: 2. Tailor the Plan | B4: Adjust task names, durations, and dependencies to match your specific engagement scope. Add customer-specific tasks in the appropriate sprint section. Do not change column order — the MS Project import depends on it. | C4: Project Plan
A5: 3. Import to MS Project | B5: Go to the 'MS Project Import' tab. Save that sheet as CSV (UTF-8). Open MS Project > File > Import > CSV. Map: Name→Name, Duration→Duration, Start→Start, Finish→Finish, Predecessors→Predecessors, Resource Names→Resource Names. Select 'Create a new project'. Set working calendar to match your engagement. | C5: MS Project Import tab
A6: 4. Import to ServiceNow PPM | B6: Go to the 'SNow PPM Import' tab. Copy the data range (headers + rows). In ServiceNow: Modules > Project > Projects > [your project] > Task Import. Paste or upload the CSV. Map fields: short_description, planned_start_date, planned_end_date, assigned_to_role, description. The task_number field becomes the display number in SNow. | C6: SNow PPM Import tab
A7: 5. Track Status | B7: Update the 'Status' column (col N) and '% Complete' column (col O) on the Project Plan tab throughout the engagement. Status values: Not Started / In Progress / Complete / Blocked. | C7: Project Plan · cols N, O
A8: 6. Governance | B8: Rows 108–110 are recurring governance tasks (weekly status, bi-weekly sponsor sync, customization council). These are not in the MS Project/SNow import sheets — add them manually as recurring tasks in your project tool. | C8: Project Plan · rows 108–110
A9: 7. Dependency Logic | B9: The Predecessors column lists task IDs (column A). A comma-separated list means 'finish-to-start' for all listed tasks. When a predecessor task date shifts, update the start_day offset in the source data and re-run, or adjust dates manually in MS Project/SNow after import. | C9: Project Plan · col I
A10: 8. Roles | B10: See the 'Roles Reference' tab for full role definitions and RACI legend. ECS Primary = Responsible (does the work). Customer Primary = Accountable or key Consulted. Update role codes to match named individuals when running a live engagement. | C10: Roles Reference tab
